tmdb_id,imdb_id,title,original_title,overview,tagline,release_date,runtime,budget,revenue,popularity,vote_average,vote_count,adult,video,status,poster_path,backdrop_path,homepage,genres,genre_ids,production_companies,production_countries,spoken_languages,cast,directors,writers
1233413,tt31193180,Sinners,Sinners,"Trying to leave their troubled lives behind, twin brothers return to their hometown to start again, only to discover that an even greater evil is waiting to welcome them back.",Dance with the devil.,2025-04-16,138,90000000,364675759,122.509,7.557,1710,False,False,Released,/yqsCU5XOP2mkbFamzAqbqntmfav.jpg,/nAxGnGHOsfzufThz20zgmRwKur3.jpg,https://www.sinnersmovie.com,HORROR|ACTION|THRILLER,27|28|53,Warner Bros. Pictures|Proximity Media|Domain Entertainment,United States of America,普通话|English,,,
574475,tt9619824,Final Destination Bloodlines,Final Destination Bloodlines,"Plagued by a violent recurring nightmare, college student Stefanie heads home to track down the one person who might be able to break the cycle and save her family from the grisly demise that inevitably awaits them all.",Death runs in the family.,2025-05-14,110,50000000,283289961,617.5712,7.179,1379,False,False,Released,/6WxhEvFsauuACfv8HyoVX6mZKFj.jpg,/uIpJPDNFoeX0TVml9smPrs9KUVx.jpg,https://www.finaldestinationmovie.com,HORROR|MYSTERY,27|9648,New Line Cinema|Practical Pictures|Freshman Year|Fireside Films|Domain Entertainment,United States of America,English,,,
13,tt0109830,Forrest Gump,Forrest Gump,"A man with a low IQ has accomplished great things in his life and been present during significant historic events—in each case, far exceeding what anyone imagined he could do. But despite all he has achieved, his one true love eludes him.",The world will never be the same once you've seen it through the eyes of Forrest Gump.,1994-06-23,142,55000000,677387716,18.329,8.468,28332,False,False,Released,/arw2vcBveWOVZr6pxd9XTd1TdQa.jpg,/tlEFuIlaxRPXIYVHXbOSAMCfWqk.jpg,https://www.paramountmovies.com/movies/forrest-gump,COMEDY|DRAMA|ROMANCE,35|18|10749,Paramount Pictures|The Steve Tisch Company|Wendy Finerman Productions,United States of America,English,,,
519182,tt7510222,Despicable Me 4,Despicable Me 4,"Gru and Lucy and their girls—Margo, Edith and Agnes—welcome a new member to the Gru family, Gru Jr., who is intent on tormenting his dad. Gru also faces a new nemesis in Maxime Le Mal and his femme fatale girlfriend Valentina, forcing the family to go on the run.",Things just got a little more despicable.,2024-06-20,94,100000000,969280910,39.6391,7.045,2821,False,False,Released,/wWba3TaojhK7NdycRhoQpsG0FaH.jpg,/lgkPzcOSnTvjeMnuFzozRO5HHw1.jpg,https://www.despicable.me,FAMILY|COMEDY|ANIMATION|SCIENCE_FICTION,10751|35|16|878,Universal Pictures|Illumination,United States of America,English,,,
1371151,tt27424511,Off the Grid,Off the Grid,"After a morally-bankrupt company tries to weaponize a brilliant scientist's revolutionary technology, he goes off the grid to safeguard humanity. When the company sends a strike force to find him, they make their biggest mistake of all – they weaponize the man they are trying to catch.",You can hide... or fight back.,2025-06-27,105,13000000,0,18.597,6.8,10,False,False,Released,/mMUVnkcx2VawTBJYnnnRN8fxJpb.jpg,/jpS4Hg1MjXgmIXYZhJwNPVGJaTG.jpg,,ACTION|THRILLER,28|53,Buffalo 8|Iervolino & Lady Bacardi Entertainment|Eyevox|BondIt Media Capital|Latigo Films|Grindstone Entertainment Group,Italy|United States of America,English,,,
1412113,,Squid Game: Making Season 2,오징어 게임: 시즌2 제작 이야기,"From set designs to character arcs, get exclusive cast and director interviews on how Season 2 of the globally most-watched series was brought to life.",,2025-01-02,28,0,0,192.7126,8.499,412,False,False,Released,/yQGaui0bQ5Ai3KIFBB45nTeIqad.jpg,/jgrImRKhsRXaa6wlSsQPnFRUQbH.jpg,https://www.netflix.com/title/81922471,DOCUMENTARY,99,,South Korea,한국어/조선말,,,
372754,tt5526028,Dou kyu sei – Classmates,同級生,"Rihito Sajo, an honor student with a perfect score on the entrance exam and Hikaru Kusakabe, in a band and popular among girls, would have never crossed paths. Until one day they started talking at the practice for their school’s upcoming chorus festival. After school, the two meet regularly, as Hikaru helps Rihito to improve his singing skills. While they listen to each other’s voice and harmonize, their hearts start to beat together.","Sincerely, Slowly, Falling in Love.",2016-02-20,61,0,1397526,2.5463,8.347,406,False,False,Released,/cIfRCA5wEvj9tApca4UDUagQEiM.jpg,/tLmyP7akYmxLwyfTEt2qyj2sOR3.jpg,http://doukyuseimovie.com/,ROMANCE|ANIMATION,10749|16,A-1 Pictures|Aniplex,Japan,日本語,,,
715287,,Stepmom's Desire,새엄마의 욕망,"Sang-jin, who was envious of her neighbor after getting a beautiful wife, Ask your wife's friend Gian to take over the son's extracurricular teacher, Sang-jin, who left work early, accidentally sees Gian's shower. A man who wants to have sex with his son's tutor, And a son who wants to have a good time with a young stepmom, Ji-an and Jin-hee, who want money, are disappointed with her husband, and Bin-jin gives her body to a young son.",,2020-05-29,78,0,0,52.6321,7.3,22,False,False,Released,/rYC6UyML4CU4zYiZVbDMrwnGyWW.jpg,/54mPXhtaUejdQtaCYeJPJP8ZfXX.jpg,,DRAMA|ROMANCE,18|10749,,South Korea,한국어/조선말,,,
1284120,tt29344903,The Ugly Stepsister,Den stygge stesøsteren,"In a fairy-tale kingdom where beauty is a brutal business, Elvira battles to compete with her incredibly beautiful stepsister, and she will go to any length to catch the prince’s eye.",If the shoe dosen't fit...,2025-03-07,109,4250000,884602,48.8194,7.189,214,False,False,Released,/crX9rSg9EohybhkEe8iTQUCe55y.jpg,/eQV9rSQ6S1ja4lGTwHTnQuVhoG.jpg,https://www.uglystepsister.movie,HORROR|COMEDY|FANTASY|DRAMA,27|35|14|18,Mer Film|Lava Films|MOTOR|Scanbox Entertainment Production|Zentropa International Sweden|Mediefondet Zefyr,Denmark|Norway|Poland|Sweden,Norsk|Polski|svenska,,,
605722,tt9883398,Distant,Distant,"After crash-landing on an alien planet, an asteroid miner must contend with the challenges of his new surroundings, while making his way across the harsh terrain to the only other survivor – a woman who is trapped in her escape pod.",Right girl. Wrong world.,2024-07-12,87,0,0,273.9523,6.394,147,False,False,Released,/czh8HOhsbBUKoKsmRmLQMCLHUev.jpg,/v47JpEeMlO0zNWCngouh0MafchU.jpg,,SCIENCE_FICTION|COMEDY|ACTION,878|35|28,DreamWorks Pictures|Reliance Entertainment|Automatik Entertainment|Speck Gordon,United States of America|India,English,,,
1562,tt0463854,28 Weeks Later,28 Weeks Later,"Twenty-eight weeks after the spread of a deadly rage virus, the inhabitants of the British Isles have lost their battle against the onslaught, as the virus has killed everyone there. Six months later, a group of Americans dare to set foot on the Isles, convinced the danger has passed. But it soon becomes all too clear that the scourge continues to live, waiting to pounce on its next victims.",When days turn to weeks...,2007-04-26,100,15000000,65048725,61.7323,6.618,4755,False,False,Released,/oix0aNv1lvW3nUGspUyvSIBlpbs.jpg,/83ownpZPvBHJD5UVNShzQfa3LaW.jpg,,HORROR|THRILLER|SCIENCE_FICTION,27|53|878,DNA Films|Figment Films|UK Film Council|Fox Atomic|Koan|Sogecine,United Kingdom|Spain|United States of America,English,,,
166428,tt2386490,How to Train Your Dragon: The Hidden World,How to Train Your Dragon: The Hidden World,"As Hiccup fulfills his dream of creating a peaceful dragon utopia, Toothless’ discovery of an untamed, elusive mate draws the Night Fury away. When danger mounts at home and Hiccup’s reign as village chief is tested, both dragon and rider must make impossible decisions to save their kind.",The friendship of a lifetime.,2019-01-03,104,129000000,539987993,52.3574,7.75,6672,False,False,Released,/xvx4Yhf0DVH8G4LzNISpMfFBDy2.jpg,/h3KN24PrOheHVYs9ypuOIdFBEpX.jpg,https://www.howtotrainyourdragon.com/,ANIMATION|FAMILY|ADVENTURE,16|10751|12,DreamWorks Animation|Mad Hatter Entertainment,United States of America,English,,,
539,tt0054215,Psycho,Psycho,"When larcenous real estate clerk Marion Crane goes on the lam with a wad of cash and hopes of starting a new life, she ends up at the notorious Bates Motel, where manager Norman Bates cares for his housebound mother.",A new and altogether different screen excitement!,1960-06-22,109,806947,50048065,10.2875,8.4,10411,False,False,Released,/yz4QVqPx3h1hD1DfqqQkCq3rmxW.jpg,/uif5fUshJrXyyDzfpzp1DLw3N0S.jpg,,HORROR|THRILLER|MYSTERY,27|53|9648,Shamley Productions,United States of America,English,,,
1045021,tt23398540,Thug Life,தக் லைஃப்,"In a world ruled by crime and betrayal, mafia kingpin Sakthivel and his brother Manikkam rescue a young boy, Amaran, during a violent police shootout and raise him as their own. Years later, when an assassination attempt shakes Sakthivel's empire, suspicion turns inward. Consumed by vengeance, Sakthivel sets out to destroy the very family he once built.",,2025-06-04,165,35000000,0,6.1121,5.273,11,False,False,Released,/DmBbUtbA3T9sdVXDgIJ8bsIDw0.jpg,/of9YQ9XE2aUVbiorECRnFCu5iIn.jpg,,ACTION|CRIME|DRAMA,28|80|18,Raajkamal Films International|Madras Talkies|Red Giant Movies,India,हिन्दी|தமிழ்,,,
533535,tt6263850,Deadpool & Wolverine,Deadpool & Wolverine,"A listless Wade Wilson toils away in civilian life with his days as the morally flexible mercenary, Deadpool, behind him. But when his homeworld faces an existential threat, Wade must reluctantly suit-up again with an even more reluctant Wolverine.",Come together.,2024-07-24,128,200000000,1338073645,43.0524,7.591,7410,False,False,Released,/8cdWjvZQUExUUTzyp4t6EDMubfO.jpg,/by8z9Fe8y7p4jo2YlW2SZDnptyT.jpg,https://www.marvel.com/movies/deadpool-and-wolverine,ACTION|COMEDY|SCIENCE_FICTION,28|35|878,Marvel Studios|Maximum Effort|21 Laps Entertainment|20th Century Studios|Kevin Feige Productions|TSG Entertainment,United States of America,English,,,
1232933,tt13098590,Fear Below,Fear Below,A rag-tag team of divers attempting to salvage a sunken car from a river are thwarted by a highly aggressive bull shark.,You won't see it coming,2025-05-02,85,0,0,37.5128,6.623,69,False,False,Released,/obK2G8huZWeAQEgOz1I47AkzHYh.jpg,/hr3yzjzfsiNxWqlDgRTSHgYB7fz.jpg,,HORROR|ACTION|ADVENTURE|THRILLER,27|28|12|53,Odin's Eye Entertainment|Bronte Pictures|Two Tone Pictures,Australia,English,,,
550,tt0137523,Fight Club,Fight Club,"A ticking-time-bomb insomniac and a slippery soap salesman channel primal male aggression into a shocking new form of therapy. Their concept catches on, with underground ""fight clubs"" forming in every town, until an eccentric gets in the way and ignites an out-of-control spiral toward oblivion.",Mischief. Mayhem. Soap.,1999-10-15,139,63000000,100853753,23.4733,8.437,30401,False,False,Released,/pB8BM7pdSp6B6Ih7QZ4DrQ3PmJK.jpg,/xRyINp9KfMLVjRiO5nCsoRDdvvF.jpg,http://www.foxmovies.com/movies/fight-club,DRAMA,18,Fox 2000 Pictures|Regency Enterprises|Linson Entertainment|20th Century Fox|Taurus Film,Germany|United States of America,English,,,
652837,tt12879624,"Josee, the Tiger and the Fish",ジョゼと虎と魚たち,"With dreams of diving abroad, Tsuneo gets a job assisting Josee, an artist whose imagination takes her far beyond her wheelchair. But when the tide turns against them, they push each other to places they never thought possible, and inspire a love fit for a storybook.",Together they can fly.,2020-12-25,98,0,0,3.5818,8.314,512,False,False,Released,/lNpZWdXC4HtXQ8nVo21gg7T9D6N.jpg,/i1GT0e6Crg6UezT3ibXnMS3pBAd.jpg,,ANIMATION|DRAMA|ROMANCE,16|18|10749,BONES|KADOKAWA|Shochiku|jeki|TOY'S FACTORY|KDDI|Movie Walker|TBS Radio|Sonilude,Japan,日本語,,,
666154,tt11846550,Kayara,Kayara,"A courageous and athletic teenager, Kayara dreams that she is destined to be the first female to break into the league of Chasquis - the official messengers of the Incan empire. As she learns what it takes to be a Chasqui along with its challenges, she tackles every mission she gets and discovers the ancient stories of her land and her people.",,2025-01-02,81,8000000,0,89.5035,7.688,69,False,False,Released,/tpZdjnoJ6Z3NsSxI6HjAIggrcEv.jpg,/6YaTxghwL1HFBjcj43UHlP3zv5P.jpg,http://www.cinemamanagementgroup.com/film/kayara/,ADVENTURE|ANIMATION|FAMILY,12|16|10751,Tunche Films|B-Water Animation Studios,Peru,English,,,
244786,tt2582802,Whiplash,Whiplash,"Under the direction of a ruthless instructor, a talented young drummer begins to pursue perfection at any cost, even his humanity.",The road to greatness can take you to the edge.,2014-10-10,107,3300000,50307484,15.2061,8.4,15726,False,False,Released,/7fn624j5lj3xTme2SgiLCeuedmO.jpg,/fRGxZuo7jJUWQsVg9PREb98Aclp.jpg,https://www.sonyclassics.com//film//whiplash#,DRAMA|MUSIC,18|10402,Bold Films|Blumhouse Productions|Right of Way Films|Sony Pictures Classics,United States of America,English,,,
10802,tt0114436,Showgirls,Showgirls,"Fresh to Las Vegas with no connections, Nomi Malone takes a job as an exotic dancer. Her talents are quickly noticed by Cristal, a headlining dancer who senses an opportunity to bolster her own act. But Nomi won’t play second fiddle and soon begins her venomous path to the top, ruthlessly backstabbing anyone who gets in her way.",Leave your inhibitions at the door... the show is about to begin.,1995-09-22,131,45000000,20367472,6.0643,5.569,1284,False,False,Released,/atjtGFIIt9QMGf9ELyboq5cl466.jpg,/jL3G2f8uNCFejJRlIqCzRp8Y7eV.jpg,,DRAMA,18,Chargeurs|Charles Evans Productions|Carolco Pictures|Joe Eszterhas Productions|Ben Myron Productions,United States of America|France,English,,,
696374,tt11316854,Gabriel's Inferno,Gabriel's Inferno,"An intriguing and sinful exploration of seduction, forbidden love, and redemption, Gabriel's Inferno is a captivating and wildly passionate tale of one man's escape from his own personal hell as he tries to earn the impossible--forgiveness and love.",,2020-05-29,122,0,0,2.4307,8.408,2425,False,False,Released,/yXRoyYzIo17HfANn07oXYdyBy4h.jpg,/w2uGvCpMtvRqZg6waC1hvLyZoJa.jpg,https://watch.passionflix.com/watch/fc15dc25-cf48-4d4f-aa8e-9afb032233cc,ROMANCE|DRAMA,10749|18,PassionFlix,United States of America,English,,,
567,tt0047396,Rear Window,Rear Window,A wheelchair-bound photographer spies on his neighbors from his apartment window and becomes convinced one of them has committed murder.,It only takes one witness to spoil the perfect crime.,1954-08-01,112,1000000,37042336,5.4666,8.4,6740,False,False,Released,/ILVF0eJxHMddjxeQhswFtpMtqx.jpg,/zZvtZZXRnZ4Tdcs0QEWaZZcIWy8.jpg,,THRILLER|MYSTERY,53|9648,Paramount Pictures|Patron Inc.,United States of America,English,,,
1151031,tt32246771,Bring Her Back,Bring Her Back,"Following the death of their father, a brother and sister are introduced to their new sibling by their foster mother, only to learn that she has a terrifying secret.",Family requires sacrifices.,2025-05-28,104,15000000,22626466,9.21,7.073,48,False,False,Released,/1zcH6vJs0TnCVXK7TGdTkEzR5J8.jpg,/dfNg7LagiVdnuT2tVDcaH66tgWK.jpg,https://a24films.com/films/bring-her-back,HORROR,27,Causeway Films|Blue Bear|Salmira Productions|A24,Australia|United States of America,English,,,
27205,tt1375666,Inception,Inception,"Cobb, a skilled thief who commits corporate espionage by infiltrating the subconscious of his targets is offered a chance to regain his old life as payment for a task considered to be impossible: ""inception"", the implantation of another person's idea into a target's subconscious.",Your mind is the scene of the crime.,2010-07-15,148,160000000,839030630,29.8189,8.368,37606,False,False,Released,/oYuLEt3zVCKq57qu2F8dT7NIa6f.jpg,/8ZTVqvKDQ8emSGUEMjsS4yHAwrp.jpg,https://www.warnerbros.com/movies/inception,ACTION|SCIENCE_FICTION|ADVENTURE,28|878|12,Legendary Pictures|Syncopy|Warner Bros. Pictures,United Kingdom|United States of America,English|Français|日本語|Kiswahili,,,
911430,tt16311594,F1 The Movie,F1 The Movie,Racing legend Sonny Hayes is coaxed out of retirement to lead a struggling Formula 1 team—and mentor a young hotshot driver—while chasing one more chance at glory.,,2025-06-23,156,200000000,144000000,233.6806,7.676,247,False,False,Released,/6H6p82aWQFEKEuVUiZll6JxV8Ft.jpg,/lSbblLngbeZIn6G4WXDcyQ6SLhw.jpg,https://www.f1themovie.com,ACTION|DRAMA,28|18,Plan B Entertainment|Jerry Bruckheimer Films|Dawn Apollo Films|Apple Studios|Monolith Pictures,United States of America,Dansk|English|Español|Deutsch,,,
73,tt0120586,American History X,American History X,"Derek Vineyard is paroled after serving 3 years in prison for killing two African-American men. Through his brother, Danny Vineyard's narration, we learn that before going to prison, Derek was a skinhead and the leader of a violent white supremacist gang that committed acts of racial crime throughout L.A. and his actions greatly influenced Danny. Reformed and fresh out of prison, Derek severs contact with the gang and becomes determined to keep Danny from going down the same violent path as he did.",Some Legacies Must End.,1998-07-01,119,20000000,23900000,6.0449,8.336,11915,False,False,Released,/euypWkaYFOLW3e5rLIcTAjWnhhT.jpg,/9LSsSPbP715XT9B7acIZzantPyX.jpg,,DRAMA,18,New Line Cinema|Savoy Pictures|The Turman-Morrissey Company,United States of America,English,,,
552524,tt11655566,Lilo & Stitch,Lilo & Stitch,The wildly funny and touching story of a lonely Hawaiian girl and the fugitive alien who helps to mend her broken family.,Hold on to your coconuts.,2025-05-17,108,100000000,946000000,400.0713,7.086,744,False,False,Released,/7c5VBuCbjZOk7lSfj9sMpmDIaKX.jpg,/7Zx3wDG5bBtcfk8lcnCWDOLM4Y4.jpg,https://movies.disney.com/lilo-and-stitch-2025,FAMILY|SCIENCE_FICTION|COMEDY|ADVENTURE,10751|878|35|12,Walt Disney Pictures|Rideback,United States of America,English,,,
598,tt0317248,City of God,Cidade de Deus,"In the poverty-stricken favelas of Rio de Janeiro in the 1970s, two young men choose different paths. Rocket is a budding photographer who documents the increasing drug-related violence of his neighborhood, while José “Zé” Pequeno is an ambitious drug dealer diving into a dangerous life of crime.","If you run, the beast catches you; if you stay, the beast eats you.",2002-08-30,129,3300000,30641770,8.7457,8.43,7696,False,False,Released,/k7eYdWvhYQyRQoU2TB2A2Xu2TfD.jpg,/uvitbjFU4JqvMwIkMWHp69bmUzG.jpg,http://cidadededeus.globo.com/,DRAMA|CRIME,18|80,O2 Filmes|VideoFilmes|Wild Bunch|Hank Levine Film & Music|Globo Filmes|Lumière,Brazil|France|Germany,Português,,,
1097311,tt27052633,Echo Valley,Echo Valley,"Kate lives a secluded life—until her troubled daughter shows up, frightened and covered in someone else's blood. As Kate unravels the shocking truth, she learns just how far a mother will go to try to save her child.",A mother and daughter are bound by a dark secret.,2025-06-13,105,0,0,36.3654,6.525,160,False,False,Released,/3Ey3HuqZdrx1rfxRkfiOXDFtvtl.jpg,/aQ5nvQGT6mM6TliOM5iSgrKVF4C.jpg,https://tv.apple.com/movie/umc.cmc.1al6pi2y17htw3z98tbacgo55,THRILLER|DRAMA,53|18,Black Bicycle Entertainment|Apple Studios|Scott Free Productions,United States of America,English,,,
1061474,tt5950044,Superman,Superman,"Superman, a journalist in Metropolis, embarks on a journey to reconcile his Kryptonian heritage with his human upbringing as Clark Kent.",Look up.,2025-07-09,130,225000000,0,49.4245,0.0,0,False,False,Post Production,/ombsmhYUqR4qqOLOxAyr5V8hbyv.jpg,/g62G6aBcAcJv3ClCKmJgmHarHvq.jpg,https://www.superman.com,ACTION|ADVENTURE|SCIENCE_FICTION,28|12|878,DC Studios|Troll Court Entertainment|The Safran Company,United States of America,English,,,
1311844,tt31828378,The Twisters,The Twisters,"A deadly patchwork of destructive cyclones is on an apocalyptic path of convergence at a populated Midwest city center. There, the twisters will merge into one mega tornado that threatens to obliterate the cities for hundreds of miles around.",When Two Become One,2024-06-28,87,0,0,348.0535,5.744,45,False,False,Released,/8OP3h80BzIDgmMNANVaYlQ6H4Oc.jpg,/xtnfoFs9vOLBF7Ox13mFmFUovey.jpg,,ACTION|ADVENTURE|DRAMA,28|12|18,"Atomic Blonde Entertainment|The Global Asylum, LLC.|The Asylum",United States of America,English,,,
1450599,tt36240772,K.O.,K.O.,"A former fighter must find the missing son of an opponent he accidentally killed years ago, taking on a brutally violent crime gang in Marseille.",,2025-06-05,84,0,0,85.8726,6.629,163,False,False,Released,/qcM2sUiAeP4zXwx4ADSvgc9S58k.jpg,/rU9kRB3rBU5O7AMReZCiuIy7zmE.jpg,https://www.netflix.com/title/81745661,ACTION|DRAMA|ADVENTURE,28|18|12,Empreinte Digitale|Artémis Productions,France|Belgium,Français,,,
1239655,tt30505698,Friendship,Friendship,"Suburban dad Craig falls hard for his charismatic new neighbor Austin, as Craig’s attempts to make an adult male friend threaten to ruin both of their lives.",Men shouldn't have friends.,2025-05-09,100,2000000,15992568,9.7416,6.816,57,False,False,Released,/eikAu9gPJTQQmwFwa1zX5Hfz96P.jpg,/g70uNy3hRqEcU0ilBTtcuBFlizx.jpg,https://a24films.com/films/friendship,COMEDY,35,BoulderLight Pictures|Fifth Season|Friends Night,United States of America,English,,,
105,tt0088763,Back to the Future,Back to the Future,"Eighties teenager Marty McFly is accidentally sent back in time to 1955, inadvertently disrupting his parents' first meeting and attracting his mother's romantic interest. Marty must repair the damage to history by rekindling his parents' romance and - with the help of his eccentric inventor friend Doc Brown - return to 1985.",He was never in time for his classes. He wasn't in time for his dinner. Then one day...he wasn't in his time at all.,1985-07-03,116,19000000,381109762,16.3894,8.322,20639,False,False,Released,/vN5B5WgYscRGcQpVhHl6p9DDTP0.jpg,/yz8QL8WFD8yj0LA5zIlNOgcHvZK.jpg,http://www.backtothefuture.com/movies/backtothefuture1,ADVENTURE|COMEDY|SCIENCE_FICTION,12|35|878,Universal Pictures|Amblin Entertainment,United States of America,English,,,
1152619,tt14853700,Possessions,Possessions,"Follows a father who seeks a fresh start with his son after the loss of his wife, and purchased a storage unit facility sight unseen, but secrets buried behind the metal doors become a parent's worst nightmare.",,2024-04-12,90,0,0,76.4096,5.313,32,False,False,Released,/39a7zYZvkGfs7EOVVK3dQlWyYJ0.jpg,/4uEVhE07sSEg3t9MdudCjXWt9fG.jpg,,HORROR,27,Paperclip|Next Entertainment|Red Clay Studios,United States of America,,,,
770156,tt11916254,Lucy Shimmers and the Prince of Peace,Lucy Shimmers and the Prince of Peace,Second chances start when a hardened criminal crosses paths with a precocious little girl who is helped by an angel to change hearts during the holiday season.,,2020-10-19,87,0,0,7.1768,8.371,314,False,False,Released,/yfnJ5qIYx7q33fY4jqv9Pu95RSg.jpg,/7KR1nKGaYqPuFBnqP7XBIX0DZlR.jpg,,DRAMA|FAMILY,18|10751,Rob Diamond Films|Future Movie Productions,United States of America,English,,,
1018990,tt11306808,Continent,Continente,"After 15 years of living abroad, Amanda returns home with her French boyfriend, Martin. They arrive at her family's large-scale farm, located in a secluded village on the endless plains of southern Brazil. There, Amanda finds her father in a coma in the midst of increasing tension among the workers. The sole doctor in the nearby village is Helô, a young woman who resigns herself to caring for the local townspeople. The imminent death of the farm owner will put Amanda, Martin, and Helô at the heart of a disturbing settlement between the village and the farm owners.",Some Wounds Never Heal,2024-07-18,116,0,0,94.8271,6.0,5,False,False,Released,/eZnG8rLgRDAbDxnw5nDDp7dJZ43.jpg,/n1xUohOqxYYWrweSJvD4rvWiw3n.jpg,,HORROR|DRAMA,27|18,Vulcana Cinema|Dublin Films|Murillo Cine|PASTO,Argentina|Brazil|France,Français|Português,,,
1365103,tt31656774,Marriage Unplugged,Marriage Unplugged,"Unhappy in their marriage, Suzanna and Andrew buy a male sex robot called James, who consequently uncovers the deep fractures in their relationship.",,2024-10-28,15,0,0,42.099,8.0,2,False,False,Released,/3H99Wl52sBPRqXZ3LJjgODOLfwX.jpg,,https://www.nueschsisters.com/,,,Jeva Films|Nüesch Sisters Productions,United Kingdom,English,,,
1190511,tt29471573,Sitaare Zameen Par,सितारे ज़मीन पर,A disgraced basketball coach is given the chance to coach a team of players who are intellectually disabled as part of community services. Gulshan has apprehensions at first and feels out of place but soon realizes they just might have what it takes to make it to the national championships.,Sabka Apna Apna Normal.,2025-06-20,155,0,0,18.9133,7.7,9,False,False,Released,/2ztRFbp1YSvMSIrr7AqYq6i6pqC.jpg,/pdbML7ol4HvsI1xWX0s9LZpUGfL.jpg,,COMEDY|DRAMA,35|18,Aamir Khan Productions,India,हिन्दी,,,
950387,tt3566834,A Minecraft Movie,A Minecraft Movie,"Four misfits find themselves struggling with ordinary problems when they are suddenly pulled through a mysterious portal into the Overworld: a bizarre, cubic wonderland that thrives on imagination. To get back home, they'll have to master this world while embarking on a magical quest with an unexpected, expert crafter, Steve.",Be there and be square.,2025-03-31,101,150000000,951514812,167.6677,6.476,1948,False,False,Released,/yFHHfHcUgGAxziP1C3lLt0q2T4s.jpg,/2Nti3gYAX513wvhp8IiLL6ZDyOm.jpg,https://www.minecraft-movie.com,FAMILY|COMEDY|ADVENTURE|FANTASY,10751|35|12|14,Warner Bros. Pictures|Legendary Pictures|Mojang Studios|Vertigo Entertainment|On the Roam|Domain Entertainment,Sweden|United States of America,English,,,
496243,tt6751668,Parasite,기생충,"All unemployed, Ki-taek's family takes peculiar interest in the wealthy and glamorous Parks for their livelihood until they get entangled in an unexpected incident.",Act like you own the place.,2019-05-30,133,11363000,257591776,26.3798,8.499,19182,False,False,Released,/7IiTTgloJzvGI1TAYymCfbfl3vT.jpg,/hiKmpZMGZsrkA3cdce8a7Dpos1j.jpg,https://www.parasite-movie.com/,COMEDY|THRILLER|DRAMA,35|53|18,Barunson E&A,South Korea,English|Deutsch|한국어/조선말,,,
120,tt0120737,The Lord of the Rings: The Fellowship of the Ring,The Lord of the Rings: The Fellowship of the Ring,"Young hobbit Frodo Baggins, after inheriting a mysterious ring from his uncle Bilbo, must leave his home in order to keep it from falling into the hands of its evil creator. Along the way, a fellowship is formed to protect the ringbearer and make sure that the ring arrives at its final destination: Mt. Doom, the only place where it can be destroyed.",One ring to rule them all.,2001-12-18,179,93000000,871368364,26.0324,8.423,26088,False,False,Released,/6oom5QYQ2yQTMJIbnvbkBL9cHo6.jpg,/x2RS3uTcsJJ9IfjNPcgDmukoEcQ.jpg,http://www.lordoftherings.net/,ADVENTURE|FANTASY|ACTION,12|14|28,New Line Cinema|WingNut Films|The Saul Zaentz Company,New Zealand|United States of America,English,,,
667257,tt10032342,Impossible Things,Cosas imposibles,"After the death of her abusive husband, Matilde finds her new best friend in Miguel, her young, insecure, and disoriented neighbor.",There are encounters that change your life,2021-06-17,88,0,0,0.9032,8.43,410,False,False,Released,/t2Ew8NZ8Ci2kqmoecZUNQUFDJnQ.jpg,/bxSBOAD8AuMHYMdW3jso9npAkgt.jpg,,FAMILY|DRAMA,10751|18,Agencia SHA|Alebrije Producciones|Videocine|Estudios Churubusco Azteca,Mexico,Español,,,
122,tt0167260,The Lord of the Rings: The Return of the King,The Lord of the Rings: The Return of the King,"As armies mass for a final battle that will decide the fate of the world--and powerful, ancient forces of Light and Dark compete to determine the outcome--one member of the Fellowship of the Ring is revealed as the noble heir to the throne of the Kings of Men. Yet, the sole hope for triumph over evil lies with a brave hobbit, Frodo, who, accompanied by his loyal friend Sam and the hideous, wretched Gollum, ventures deep into the very dark heart of Mordor on his seemingly impossible quest to destroy the Ring of Power.​",There can be no triumph without loss. No victory without suffering. No freedom without sacrifice.,2003-12-17,201,94000000,1118888979,21.3339,8.487,25197,False,False,Released,/rCzpDGLbOoPwLjy3OAm5NUPOTrC.jpg,/2u7zbn8EudG6kLlBzUYqP8RyFU4.jpg,http://www.lordoftherings.net,ADVENTURE|FANTASY|ACTION,12|14|28,New Line Cinema|WingNut Films|The Saul Zaentz Company,New Zealand|United States of America,English,,,
121,tt0167261,The Lord of the Rings: The Two Towers,The Lord of the Rings: The Two Towers,"Frodo Baggins and the other members of the Fellowship continue on their sacred quest to destroy the One Ring--but on separate paths. Their destinies lie at two towers--Orthanc Tower in Isengard, where the corrupt wizard Saruman awaits, and Sauron's fortress at Barad-dur, deep within the dark lands of Mordor. Frodo and Sam are trekking to Mordor to destroy the One Ring of Power while Gimli, Legolas and Aragorn search for the orc-captured Merry and Pippin. All along, nefarious wizard Saruman awaits the Fellowship members at the Orthanc Tower in Isengard.",The fellowship is broken. The power of darkness grows...,2002-12-18,179,79000000,926287400,15.0885,8.407,22677,False,False,Released,/5VTN0pR8gcqV3EPUHHfMGnJYN9L.jpg,/jfEOzpsjc6JDlKhUHb4toWQPt.jpg,http://www.lordoftherings.net/,ADVENTURE|FANTASY|ACTION,12|14|28,New Line Cinema|WingNut Films|The Saul Zaentz Company,New Zealand|United States of America,English,,,
950396,tt13654226,The Gorge,The Gorge,"Two highly trained operatives grow close from a distance after being sent to guard opposite sides of a mysterious gorge. When an evil below emerges, they must work together to survive what lies within.",The world's most dangerous secret lies between them.,2025-02-13,127,70000000,0,46.96,7.716,2742,False,False,Released,/7iMBZzVZtG0oBug4TfqDb9ZxAOa.jpg,/9nhjGaFLKtddDPtPaX5EmKqsWdH.jpg,https://tv.apple.com/movie/umc.cmc.26o403koqo2klixc0jtqy6tmc,ROMANCE|SCIENCE_FICTION|THRILLER,10749|878|53,Skydance Media|Crooked Highway|Apple Studios,United States of America,English|Lietuvių,,,
637,tt0118799,Life Is Beautiful,La vita è bella,A touching story of an Italian book seller of Jewish ancestry who lives in his own little fairy tale. His creative and happy life would come to an abrupt halt when his entire family is deported to a concentration camp during World War II. While locked up he tries to convince his son that the whole thing is just a game.,"An unforgettable fable that proves love, family and imagination conquer all.",1997-12-20,116,20000000,230098753,9.8387,8.445,13421,False,False,Released,/74hLDKjD5aGYOotO6esUVaeISa2.jpg,/6aNKD81RHR1DqUUa8kOZ1TBY1Lp.jpg,,COMEDY|DRAMA,35|18,Mario e Vittorio Cecchi Gori - C.E.I.A.D.|Melampo Cinematografica,Italy,English|Italiano|Deutsch|Český,,,
724089,tt13535454,Gabriel's Inferno: Part II,Gabriel's Inferno: Part II,"Professor Gabriel Emerson finally learns the truth about Julia Mitchell's identity, but his realization comes a moment too late. Julia is done waiting for the well-respected Dante specialist to remember her and wants nothing more to do with him. Can Gabriel win back her heart before she finds love in another's arms?",,2020-07-31,106,0,0,1.4425,8.376,1525,False,False,Released,/x5o8cLZfEXMoZczTYWLrUo1P7UJ.jpg,/jtAI6OJIWLWiRItNSZoWjrsUtmi.jpg,https://watch.passionflix.com/watch/f299fa17-5a2b-4fee-b53a-a4651747431b,ROMANCE|DRAMA,10749|18,PassionFlix,,English,,,
1414272,tt35544307,Belyas,Belyas,"Audrey Avila, Denise Esteban and Dani Yoshida star as sultry Belyas. A housewife who is tired of her controlling husband takes a different turn when two young prostitutes rent their apartment. As she befriends the two, she begins to admire the sexual freedom they have.",,2025-02-07,70,0,0,47.2074,7.7,7,False,False,Released,/zPIaNQaQKtCIOs95x4GmaJ6omco.jpg,/jbjolEshVFBZiOrCjSMi7EHiYz2.jpg,https://web.vivamax.net/movie/T00062,DRAMA,18,Vivamax,Philippines,,,,
129,tt0245429,Spirited Away,千と千尋の神隠し,"A young girl, Chihiro, becomes trapped in a strange new world of spirits. When her parents undergo a mysterious transformation, she must call upon the courage she never knew she had to free her family.",On the other side of the tunnel was a mysterious town.,2001-07-20,125,19000000,274925095,19.7895,8.536,17239,False,False,Released,/39wmItIWsg5sZMyRUHLkWBcuVCM.jpg,/m4TUa2ciEWSlk37rOsjiSIvZDXE.jpg,http://movies.disney.com/spirited-away,ANIMATION|FAMILY|FANTASY,16|10751|14,Studio Ghibli,Japan,日本語,,,
128,tt0119698,Princess Mononoke,もののけ姫,"Ashitaka, a prince of the disappearing Emishi people, is cursed by a demonized boar god and must journey to the west to find a cure. Along the way, he encounters San, a young human woman fighting to protect the forest, and Lady Eboshi, who is trying to destroy it. Ashitaka must find a way to bring balance to this conflict.",The fate of the world rests on the courage of one warrior.,1997-07-12,134,23500000,176506186,10.789,8.326,8415,False,False,Released,/cMYCDADoLKLbB83g4WnJegaZimC.jpg,/gl0jzn4BupSbL2qMVeqrjKkF9Js.jpg,http://www.princess-mononoke.com/,ADVENTURE|FANTASY|ANIMATION,12|14|16,Studio Ghibli|Nibariki|dentsu Music and Entertainment|TNDG|Tokuma Shoten|Nippon Television Network Corporation|dentsu,Japan,日本語,,,
1470086,tt36695572,Ligaw,Ligaw,"A sultry woman who charms the hearts of men in a remote province. Dolores, a devoted wife to her paraplegic husband, falls for a young mountaineer. What begins as a reckless escape turns into an affair drenched in passion and secrecy.",,2025-05-09,85,0,0,77.1201,10.0,1,False,False,Released,/yc8V3KEnhvPrzXpdYTXdTvjpOb5.jpg,/heMsXGykub43tU79I9hv6T1vHRc.jpg,,DRAMA|ROMANCE,18|10749,Vivamax,Philippines,,,,
1119878,tt27621210,Ice Road: Vengeance,Ice Road: Vengeance,"Big rig ice road driver Mike McCann travels to Nepal to scatter his late brother’s ashes on Mt. Everest. While on a packed tour bus traversing the deadly 12,000 ft. terrain of the infamous Road to the Sky, McCann and his mountain guide encounter a group of mercenaries and must fight to save themselves, the busload of innocent travelers, and the local villagers’ homeland.",,2025-06-27,0,0,0,7.0747,10.0,2,False,False,Released,/2vHQBX5L4yoExTa55KmGIg2Q5s3.jpg,/962KXsr09uK8wrmUg9TjzmE7c4e.jpg,,ACTION|THRILLER|DRAMA,28|53|18,Code Entertainment|Shivhans Pictures|Envision Media Arts|The Solution,United States of America,English,,,
872585,tt15398776,Oppenheimer,Oppenheimer,The story of J. Robert Oppenheimer's role in the development of the atomic bomb during World War II.,The world forever changes.,2023-07-19,181,100000000,952000000,42.7615,8.06,10371,False,False,Released,/8Gxv8gSFCU0XGDykEGv7zR1n2ua.jpg,/neeNHeXjMF5fXoCJRsOmkNGC7q.jpg,https://www.universalpictures.com/movies/oppenheimer,DRAMA|HISTORY,18|36,Syncopy|Universal Pictures|Atlas Entertainment|Breakheart Films|Peters Creek Entertainment,United Kingdom|United States of America,Nederlands|English,,,
870028,tt7068946,The Accountant²,The Accountant²,"When an old acquaintance is murdered, Wolff is compelled to solve the case. Realizing more extreme measures are necessary, Wolff recruits his estranged and highly lethal brother, Brax, to help. In partnership with Marybeth Medina, they uncover a deadly conspiracy, becoming targets of a ruthless network of killers who will stop at nothing to keep their secrets buried.",Do you like puzzles?,2025-04-23,133,80000000,102123366,127.039,7.185,982,False,False,Released,/kMDUS7VmFhb2coRfVBoGLR8ADBt.jpg,/yBDvgpyynDsbMyK21FoQu1c2wYR.jpg,https://www.amazon.com/salp/theaccountant2?hhf,MYSTERY|CRIME|THRILLER,9648|80|53,Artists Equity|51 Entertainment|Zero Gravity Management|Filmtribe,United States of America,Español|English|Deutsch,,,
762509,tt13186482,Mufasa: The Lion King,Mufasa: The Lion King,"Mufasa, a cub lost and alone, meets a sympathetic lion named Taka, the heir to a royal bloodline. The chance meeting sets in motion an expansive journey of a group of misfits searching for their destiny.",The story of an orphan who would be king.,2024-12-18,118,200000000,722631756,47.8854,7.388,2222,False,False,Released,/lurEK87kukWNaHd0zYnsi3yzJrs.jpg,/oHPoF0Gzu8xwK4CtdXDaWdcuZxZ.jpg,https://movies.disney.com/mufasa-the-lion-king,ADVENTURE|FAMILY|ANIMATION,12|10751|16,Walt Disney Pictures,United States of America,English,,,
142,tt0388795,Brokeback Mountain,Brokeback Mountain,"In 1960s Wyoming, two men develop a strong emotional and sexual relationship that endures as a lifelong connection complicating their lives as they get married and start families of their own.",Love is a force of nature.,2005-10-22,134,14000000,178043761,10.4382,7.8,7190,False,False,Released,/aByfQOQBNa4CMFwIgq3QrqY2ZHh.jpg,/vXzqV2RtJlT9WhNEM4NYWCEC6ZI.jpg,https://www.focusfeatures.com/brokeback_mountain,DRAMA|ROMANCE,18|10749,Focus Features|River Road Entertainment|Alberta Film Entertainment,Canada|United States of America,English,,,
826510,tt1609486,Harold and the Purple Crayon,Harold and the Purple Crayon,"Inside of his book, adventurous Harold can make anything come to life simply by drawing it. After he grows up and draws himself off the book's pages and into the physical world, Harold finds he has a lot to learn about real life.",Everything he draws is about to get real.,2024-07-31,90,40000000,32227855,7.0881,6.725,296,False,False,Released,/qtW6bWUEqfPLaD6KnetIlSG4adf.jpg,/biMJPdS7bGW7HQTQrHvXxMqOqdC.jpg,https://www.haroldandthepurplecrayon.movie,FAMILY|COMEDY|ADVENTURE|FANTASY,10751|35|12|14,Davis Entertainment|Columbia Pictures|TSG Entertainment,United States of America,English,,,
1377424,,Victoria,വിക്ടോറിയ,"Victoria, a young beautician in a suburban beauty parlour, decides to elope with her Hindu boyfriend after a fierce clash with her conservative Catholic parents. Amidst the turmoil, a neighbour asks her to temporarily house an offering rooster destined for a festival at St. George church inside the parlour. Juggling the rooster's antics, unexpected clients, and her boyfriend's uncertainty, Victoria grapples with conflicting emotions leading to a day of intense personal and spiritual revelations.",,2024-12-14,84,0,0,44.1766,7.5,2,False,False,Released,/hw09PdM2o7pF1zxn1pM8NTMPzno.jpg,/poWMPKjfUDO96dm1lA3hvbHLbdb.jpg,,DRAMA,18,,,,,,
1315988,tt32095441,Mikaela,Mikaela,"During the eve of the 6th of January, a record-breaking snowstorm sweeps across Spain. In the midst of its chaos, a group of robbers seizes the opportunity to hijack an armoured van. A few meters away is Leo, a finished policeman who has nothing to lose. With the unexpected aid of a young woman, he will try to stop the band from running away with their loot.",A storm. A heist. A cop on the edge.,2025-01-31,90,0,0,82.7994,6.264,55,False,False,Released,/xG8olkWOmoW78GbozKbS2UxYGEo.jpg,/8SaEH4kYCy7JlviyhKtSVsMkt4r.jpg,,ACTION|THRILLER,28|53,Atlantia Media|Atresmedia|La Terraza Films|Ikiru Films|AP6 la película AIE,Spain,Español,,,
1184918,tt29623480,The Wild Robot,The Wild Robot,"After a shipwreck, an intelligent robot called Roz is stranded on an uninhabited island. To survive the harsh environment, Roz bonds with the island's animals and cares for an orphaned baby goose.",Discover your true nature.,2024-09-12,102,78000000,331982078,42.1683,8.311,5112,False,False,Released,/wTnV3PCVW5O92JMrFvvrRcV39RU.jpg,/1pmXyN3sKeYoUhu5VBZiDU4BX21.jpg,https://www.thewildrobotmovie.com,ANIMATION|SCIENCE_FICTION|FAMILY,16|878|10751,DreamWorks Animation,United States of America,English,,,
584855,tt23033282,Fierce Town,Злой город,"By the middle of the 12th century, the borders of the Mongolian Empire stretched from the Adriatic and Mediterranean Seas in the west to the southern lands of China in the east. The Mongolian army, under Khan Batu’s command, was known for its invisibility, destroying anyone who dared to challenge them. Yet, even within their central territories, some areas refused to bow to the Genghisids. Kozelsk was one of them. The Mongolian armies bypassed the high walls of this small town, considering that ""the skin of the wolf was not worth the risk of encountering its teeth"".However, one of the Khan’s commanders harbored a grudge against the town's citizens. Now, the people of Kozelsk must face a battle against the strongest army in the world, with no hope of victory. This is a story about people facing their death. Some try to escape, others are willing to do anything to survive, but most are prepared to protect their city from the relentless storms of the Mongolian hordes.",A legend born in battle,2025-01-30,0,0,0,78.6642,7.5,4,False,False,Released,/vYiq2eZKASt3YAbiVX8xpolZisG.jpg,/fOcAU0Jzw4sx4aUTopRavJrLHeF.jpg,,DRAMA|HISTORY|ACTION,18|36|28,"Film company ""22""",Russia,Pусский,,,
157336,tt0816692,Interstellar,Interstellar,The adventures of a group of explorers who make use of a newly discovered wormhole to surpass the limitations on human space travel and conquer the vast distances involved in an interstellar voyage.,Mankind was born on Earth. It was never meant to die here.,2014-11-05,169,165000000,746606706,39.8915,8.456,37343,False,False,Released,/gEU2QniE6E77NI6lCU6MxlNBvIx.jpg,/l33oR0mnvf20avWyIMxW02EtQxn.jpg,http://www.interstellarmovie.net/,ADVENTURE|DRAMA|SCIENCE_FICTION,12|18|878,Legendary Pictures|Syncopy|Lynda Obst Productions,United Kingdom|United States of America,English,,,
1239193,tt31121295,Deep Cover,Deep Cover,"Kat is an improv comedy teacher beginning to question if she’s missed her shot at success. When an undercover cop offers her the role of a lifetime, she recruits two of her students to infiltrate London’s gangland by impersonating dangerous criminals.","If you want to survive, improvise.",2025-06-12,99,0,0,102.0538,6.689,243,False,False,Released,/1vXTHTbSQJs9r2hp4Uk08XzKwPp.jpg,/lOje1iz4VYWELYWRkZAwI7oIJd0.jpg,https://www.amazon.com/gp/video/detail/B0F3SQQ3BH,ACTION|COMEDY|CRIME,28|35|80,Metronome Film Company|Parkes+MacDonald Image Nation|Metro-Goldwyn-Mayer,United States of America,English,,,
155,tt0468569,The Dark Knight,The Dark Knight,"Batman raises the stakes in his war on crime. With the help of Lt. Jim Gordon and District Attorney Harvey Dent, Batman sets out to dismantle the remaining criminal organizations that plague the streets. The partnership proves to be effective, but they soon find themselves prey to a reign of chaos unleashed by a rising criminal mastermind known to the terrified citizens of Gotham as the Joker.",Welcome to a world without rules.,2008-07-16,152,185000000,1004558444,27.8052,8.521,34001,False,False,Released,/qJ2tW6WMUDux911r6m7haRef0WH.jpg,/enNubozHn9pXi0ycTVYUWfpHZm.jpg,https://www.warnerbros.com/movies/dark-knight/,DRAMA|ACTION|CRIME|THRILLER,18|28|80|53,Warner Bros. Pictures|Legendary Pictures|Syncopy|DC,United Kingdom|United States of America,English|普通话,,,
1171101,tt23846482,Kuberaa,కుబేర,"A ruthless billionaire, Neeraj, uses beggars as benamis to launder money, with the help of a disgraced civil submit servant, Deepak. One of the beggars, Deva, escapes with ₹10,000 crores and becomes the target of a deadly manhunt. He meets Sameera, who joins him in his mission to use the money to uplift society's poor. With Deepak's help, Deva fights back.",,2025-06-19,185,13835950,0,10.6593,7.5,6,False,False,Released,/xjLC5DeA4FQTBv4xe8r3wYqh8lu.jpg,/nbyTX77u3qELm9DYPgYfva7vAwj.jpg,,CRIME|THRILLER|DRAMA,80|53|18,Sree Venkateswara Cinemas LLP|Amigos Creations,India,తెలుగు,,,
40096,tt0271383,A Dog's Will,O Auto da Compadecida,"The lively João Grilo and the sly Chicó are poor guys living in the hinterland who cheat a bunch of people in a small town in Northeastern Brazil. When they die, they have to be judged by Christ, the Devil and the Virgin Mary before they are admitted to paradise.",Lying with faith is not always a sin.,2000-09-15,104,0,4903192,1.9186,8.4,1165,False,False,Released,/aovknfdLnFp1IiWi3yvTAg8Gm5k.jpg,/alQqTpmEkxSLgajfEYTsTH6nAKB.jpg,,COMEDY|DRAMA|FANTASY,35|18|14,Lereby Produções|Globo Filmes|Estúdios Globo,Brazil,Português|Latin,,,
1232546,tt30955489,Until Dawn,Until Dawn,"One year after her sister Melanie mysteriously disappeared, Clover and her friends head into the remote valley where she vanished in search of answers. Exploring an abandoned visitor center, they find themselves stalked by a masked killer and horrifically murdered one by one...only to wake up and find themselves back at the beginning of the same evening.",Every night a different nightmare.,2025-04-23,103,15000000,52794193,54.0377,6.601,744,False,False,Released,/juA4IWO52Fecx8lhAsxmDgy3M3.jpg,/icFWIk1KfkWLZnugZAJEDauNZ94.jpg,https://untildawn.movie,HORROR|MYSTERY,27|9648,PlayStation Productions|Coin Operated|Mångata|Vertigo Entertainment|Screen Gems,United States of America,English,,,
617126,tt10676052,The Fantastic Four: First Steps,The Fantastic Four: First Steps,"Against the vibrant backdrop of a 1960s-inspired, retro-futuristic world, Marvel's First Family is forced to balance their roles as heroes with the strength of their family bond, while defending Earth from a ravenous space god called Galactus and his enigmatic Herald, Silver Surfer.",Welcome to the family.,2025-07-23,115,0,0,38.6655,0.0,0,False,False,Post Production,/x26MtUlwtWD26d0G0FXcppxCJio.jpg,/unthV1mq9llhEinIMPcCUImFodt.jpg,https://www.marvel.com/movies/the-fantastic-four-first-steps,SCIENCE_FICTION|ADVENTURE,878|12,Marvel Studios|Kevin Feige Productions|20th Century Studios|Constantin Film,United States of America,English,,,
680,tt0110912,Pulp Fiction,Pulp Fiction,"A burger-loving hit man, his philosophical partner, a drug-addled gangster's moll and a washed-up boxer converge in this sprawling, comedic crime caper. Their adventures unfurl in three stories that ingeniously trip back and forth in time.",Violence. Redemption. Cheeseburgers,1994-09-10,154,8000000,213928762,19.0848,8.5,28799,False,False,Released,/vQWk5YBFWF4bZaofAbv0tShwBvQ.jpg,/suaEOtk1N1sgg2MTM7oZd2cfVp3.jpg,https://www.miramax.com/movie/pulp-fiction/,THRILLER|CRIME|COMEDY,53|80|35,Miramax|A Band Apart|Jersey Films,United States of America,English|Español|Français,,,
170,tt0289043,28 Days Later,28 Days Later,"Twenty-eight days after a killer virus was accidentally unleashed from a British research facility, a small group of London survivors are caught in a desperate struggle to protect themselves from the infected. Carried by animals and humans, the virus turns those it infects into homicidal maniacs -- and it's absolutely impossible to contain.",The days are numbered.,2002-10-31,113,8000000,85032676,112.9066,7.236,7420,False,False,Released,/sQckQRt17VaWbo39GIu0TMOiszq.jpg,/aJFwk1clMal1prxAvKAgHxKPAf.jpg,https://www.sonypictures.com/movies/28dayslater,HORROR|THRILLER|SCIENCE_FICTION,27|53|878,DNA Films,United Kingdom,Español|English,,,
842924,tt12908150,The Life of Chuck,The Life of Chuck,"In this extraordinary story of an ordinary man, Charles 'Chuck' Krantz experiences the wonder of love, the heartbreak of loss, and the multitudes contained in all of us.",Every life is a universe all its own.,2025-06-05,111,0,7837673,8.6905,7.6,83,False,False,Released,/oumprkO9bThExP8NwxBIBnvBu2v.jpg,/zVAA1hKxxXzk85j7nCP5ELlR8Ef.jpg,https://www.neonrated.com/film/the-life-of-chuck,DRAMA|FANTASY,18|14,Intrepid Pictures|Red Room Pictures|QWGmire,United States of America,English,,,
1376434,tt36463894,Predator: Killer of Killers,Predator: Killer of Killers,"While three of the fiercest warriors in human history—a Viking raider, a ninja in feudal Japan, and a WWII pilot—are killers in their own right, they are merely prey for their new opponent: the ultimate killer of killers.",The hunt begins.,2025-06-05,85,0,0,139.075,8.0,641,False,False,Released,/2XDQa6EmFHSA37j1t0w88vpWqj9.jpg,/a3F9cXjRH488qcOqFmFZwqawBMU.jpg,https://www.20thcenturystudios.com/movies/predator-killer-of-killers,ANIMATION|HORROR|SCIENCE_FICTION|ACTION|THRILLER|ADVENTURE,16|27|878|28|53|12,20th Century Studios|Davis Entertainment|Lawrence Gordon Productions|Toberoff Productions,United States of America,English|日本語|Norsk|Español,,,
1100988,tt10548174,28 Years Later,28 Years Later,"Twenty-eight years since the rage virus escaped a biological weapons laboratory, now, still in a ruthlessly enforced quarantine, some have found ways to exist amidst the infected. One such group lives on a small island connected to the mainland by a single, heavily-defended causeway. When one member departs on a mission into the dark heart of the mainland, he discovers secrets, wonders, and horrors that have mutated not only the infected but other survivors as well.",In 28 days it began. In 28 weeks it spread. In 28 years it evolved.,2025-06-18,115,60000000,103000000,246.7163,7.13,385,False,False,Released,/361hRZoG91Nw6qXaIKuGoogQjix.jpg,/6WqqEjiycNvDLjbEClM1zCwIbDD.jpg,https://28yearslater.movie,HORROR|THRILLER|SCIENCE_FICTION,27|53|878,Columbia Pictures|DNA Films|Decibel Films|TSG Entertainment,United Kingdom|United States of America,English|svenska,,,
1411773,tt15682498,The Last Stand of Ellen Cole,The Last Stand of Ellen Cole,"When an evil contractor goes to extreme measures to evict a testy tenant who is standing in the way of his new project, he fails to take into account that this seemingly harmless old woman is a trained killer and will do anything to protect her beloved home.",,2024-10-18,92,0,0,38.3256,8.1,25,False,False,Released,/oq1pGVQ2t3Cy4v7sA4LRhNjtZuJ.jpg,/rRIz3KweJDjnJ4GtCZJT3JPEYgL.jpg,,ACTION|ADVENTURE,28|12,Regency Enterprises|QCODE|Automatik Entertainment|Oddfellows Entertainment|42|Subzero Film Entertainment,United States of America|Canada|United Kingdom|Finland,English,,,
12477,tt0095327,Grave of the Fireflies,火垂るの墓,"In the final months of World War II, 14-year-old Seita and his sister Setsuko are orphaned when their mother is killed during an air raid in Kobe, Japan. After a falling out with their aunt, they move into an abandoned bomb shelter. With no surviving relatives and their emergency rations depleted, Seita and Setsuko struggle to survive.",Why do fireflies have to die so soon?,1988-04-16,89,3700000,516962,0.0092,8.449,5938,False,False,Released,/k9tv1rXZbOhH7eiCk378x61kNQ1.jpg,/tDFvXn4tane9lUvFAFAUkMylwSr.jpg,https://gkids.com/films/grave-of-the-fireflies,ANIMATION|DRAMA|WAR,16|18|10752,Studio Ghibli,Japan,日本語,,,
1127110,tt27757546,Diablo,Diablo,"Ex-con Kris Chaney seizes the daughter of a Colombian gangster to fulfill a noble promise to the young girl's mother. When her father enlists both the criminal underworld and a psychotic killer to exact his revenge, Kris relies on everything he's ever learned to stay alive and keep his word.",There'll be hell to pay.,2025-06-13,91,0,0,169.4114,7.145,62,False,False,Released,/uFQduVyYIinJy3eLjozgfl6Xtcn.jpg,/fPWJn5pqBr8n4h0YxW3QuasdvoI.jpg,,ACTION|THRILLER,28|53,Green Dog Films|Film Mode Entertainment|Wonder Street|Vault Entertainment|Daro Films|Agora Entertainment,United States of America,Español|English,,,
1137350,tt30840798,The Phoenician Scheme,The Phoenician Scheme,"Wealthy businessman Zsa-zsa Korda appoints his only daughter, a nun, as sole heir to his estate. As Korda embarks on a new enterprise, they soon become the target of scheming tycoons, foreign terrorists, and determined assassins.",If something gets in your way: flatten it.,2025-05-23,102,30000000,27449265,90.4719,6.901,278,False,False,Released,/jtEqpy0K1iVuCebRwWqT6BZ6jLN.jpg,/bajke0ThKJ2V2iHE9DDYOJGdS7a.jpg,https://focusfeatures.com/the-phoenician-scheme,ADVENTURE|COMEDY,12|35,Indian Paintbrush|American Empirical Pictures|Studio Babelsberg,United States of America|Germany,English|Español|Français,,,
14537,tt0056058,Harakiri,切腹,"Down-on-his-luck veteran Tsugumo Hanshirō enters the courtyard of the prosperous House of Iyi. Unemployed, and with no family, he hopes to find a place to commit seppuku—and a worthy second to deliver the coup de grâce in his suicide ritual. The senior counselor for the Iyi clan questions the ronin’s resolve and integrity, suspecting Hanshirō of seeking charity rather than an honorable end. What follows is a pair of interlocking stories which lay bare the difference between honor and respect, and promises to examine the legendary foundations of the Samurai code.",Who can fathom the depths of another man's heart?,1962-09-15,135,0,0,4.136,8.423,1091,False,False,Released,/5konZnIbcAxZjP616Cz5o9bKEfW.jpg,/nC3IjYhUgZWgfKfFX0ygMigFwgc.jpg,,ACTION|DRAMA|HISTORY,28|18|36,Shochiku,Japan,日本語,,,
1214667,tt30327680,Making Squid Game: The Challenge,Making Squid Game: The Challenge,"Go behind the scenes and witness how the ""Squid Game""-inspired reality show transformed from a scripted drama to a cutthroat, nail-biting competition.",Witness the creation.,2023-12-06,30,0,0,111.6484,7.804,156,False,False,Released,/78yTLvtsMntVN1cLfzBuZj870pe.jpg,/i9bhxhUBFZHorvK81GNKMJGj2Kt.jpg,https://www.netflix.com/title/81734609,DOCUMENTARY,99,,United Kingdom,English,,,
12493,tt0057565,High and Low,天国と地獄,"In the midst of an attempt to take over his company, a powerhouse executive is hit with a huge ransom demand when his chauffeur's son is kidnapped by mistake.","Stark, intense drama almost beyond belief!",1963-03-01,142,250000,0,3.7432,8.347,989,False,False,Released,/tgNjemQPG96uIezpiUiXFcer5ga.jpg,/adkWjKeklbfVIw9y2KKPSCwZl9N.jpg,,DRAMA|CRIME|MYSTERY|THRILLER,18|80|9648|53,TOHO|Kurosawa Production,Japan,日本語,,,
378064,tt5323662,A Silent Voice: The Movie,映画 聲の形,"Shouya Ishida starts bullying the new girl in class, Shouko Nishimiya, because she is deaf. But as the teasing continues, the rest of the class starts to turn on Shouya for his lack of compassion. When they leave elementary school, Shouko and Shouya do not speak to each other again... until an older, wiser Shouya, tormented by his past behaviour, decides he must see Shouko once more. He wants to atone for his sins, but is it already too late...?",Sometimes the answer is as simple as learning to listen.,2016-09-17,129,0,30819442,8.2421,8.386,4150,False,False,Released,/tuFaWiqX0TXoWu7DGNcmX3UW7sT.jpg,/5lAMQMWpXMsirvtLLvW7cJgEPkU.jpg,http://asilentvoice.com.au/,ANIMATION|DRAMA|ROMANCE,16|18|10749,Kyoto Animation|ABC Animation|Kodansha|Pony Canyon|Quaras|Shochiku,Japan,日本語,,,
1245399,tt35683445,Hola Frida!,Hola Frida!,"It’s the story of a little girl who is different. Her world is Coyoacan, Mexico City. Sparkling, vibrant, everything interests her and when difficulties arise, she faces them with an overflowing imagination. This little girl is called Frida Kahlo.",,2025-02-12,82,0,0,49.0337,7.2,10,False,False,Released,/hY8TslXAaJD0cytxifrhy6h5cJl.jpg,/6z9TlQE2HRU1djxoI3e4XNYfcAD.jpg,,ANIMATION|FAMILY|HISTORY,16|10751|36,Haut et Court|Dandelooo Cinéma|Tobo Media|Du Coup Production,Canada|France,Français,,,
1087192,tt26743210,How to Train Your Dragon,How to Train Your Dragon,"On the rugged isle of Berk, where Vikings and dragons have been bitter enemies for generations, Hiccup stands apart, defying centuries of tradition when he befriends Toothless, a feared Night Fury dragon. Their unlikely bond reveals the true nature of dragons, challenging the very foundations of Viking society.",The legend is real.,2025-06-06,125,150000000,454436000,285.674,7.927,472,False,False,Released,/q5pXRYTycaeW6dEgsCrd4mYPmxM.jpg,/7HqLLVjdjhXS0Qoz1SgZofhkIpE.jpg,https://www.welcometoberk.com/,FANTASY|FAMILY|ACTION,14|10751|28,DreamWorks Animation|Marc Platt Productions,United States of America,English,,,
620249,tt10734928,The Legend of Hei,罗小黑战记,"When cat spirit Luo Xiaohei's home is deforested by humans, he must find a new one. He runs into a group of other spirit creatures who take him under their wing with dreams of reconquering the land they say is rightfully theirs. However, they run into a human known as Wuxian who separates Luo Xiaohei from the other spirits and the two go on a journey, with the cat spirit learning to control his abilities as well as forming his own thoughts on whether or not he should ally with the spirits or the humans.",One Small Spirit Will Determine the Fate of the World.,2019-08-27,102,0,48045728,2.9176,8.3,388,False,False,Released,/4jfbKKLpqts3i2h2obkrONcjTg1.jpg,/aVFx1VtlOxR3v0ADEatalXOvwbu.jpg,https://luoxiaohei-movie.com/,ANIMATION|FANTASY|ACTION,16|14|28,MTJJ|Beijing Guangying Gongchang Wenhua Chuanbo|Dream Castle|Heyi Capital|Beijing Hanmu Chunhua Animation Technology|Beijing Jiyin Yinghua,China,普通话,,,
255709,tt3153634,Hope,소원,"After 8-year-old So-won narrowly survives a brutal sexual assault, her family labors to help her heal while coping with their own rage and grief.",We won't let her shed tears again.,2013-10-02,122,0,0,4.6592,8.398,788,False,False,Released,/x9yjkm9gIz5qI5fJMUTfBnWiB2o.jpg,/4Nx40jwpoTHPjCWNGoaZ6kaoGxa.jpg,,DRAMA,18,Lotte Entertainment|Film Momentum|Michigan Venture Capital,South Korea,한국어/조선말,,,
761053,tt13535456,Gabriel's Inferno: Part III,Gabriel's Inferno: Part III,The final part of the film adaption of the erotic romance novel Gabriel's Inferno written by an anonymous Canadian author under the pen name Sylvain Reynard.,,2020-11-19,102,0,0,3.4605,8.371,1061,False,False,Released,/fYtHxTxlhzD4QWfEbrC1rypysSD.jpg,/fQq1FWp1rC89xDrRMuyFJdFUdMd.jpg,,ROMANCE|DRAMA,10749|18,PassionFlix,United States of America,English,,,
1136867,tt30253473,Materialists,Materialists,"A young, ambitious New York City matchmaker finds herself torn between the perfect match and her imperfect ex.",Some people just want more.,2025-06-12,116,20000000,40420137,27.016,7.2,40,False,False,Released,/eDo0pNruy0Qgj6BdTyHIR4cxHY8.jpg,/lqwwGkwJHtz9QgKtz4zeY19YgDg.jpg,https://a24films.com/films/materialists,ROMANCE|DRAMA,10749|18,A24|Killer Films|2AM|IPR.VC|Access Entertainment,Finland|United States of America,English,,,
939243,tt18259086,Sonic the Hedgehog 3,Sonic the Hedgehog 3,"Sonic, Knuckles, and Tails reunite against a powerful new adversary, Shadow, a mysterious villain with powers unlike anything they have faced before. With their abilities outmatched in every way, Team Sonic must seek out an unlikely alliance in hopes of stopping Shadow and protecting the planet.",New adventure. New rival.,2024-12-19,110,122000000,492162604,61.2235,7.7,2729,False,False,Released,/d8Ryb8AunYAuycVKDp5HpdWPKgC.jpg,/zOpe0eHsq0A2NvNyBbtT6sj53qV.jpg,https://www.sonicthehedgehogmovie.com,ACTION|SCIENCE_FICTION|COMEDY|FAMILY,28|878|35|10751,Paramount Pictures|Original Film|Marza Animation Planet|SEGA|Blur Studio|SEGA of America,United States of America|Japan,Español|Français|English|日本語,,,
238,tt0068646,The Godfather,The Godfather,"Spanning the years 1945 to 1955, a chronicle of the fictional Italian-American Corleone crime family. When organized crime family patriarch, Vito Corleone barely survives an attempt on his life, his youngest son, Michael steps in to take care of the would-be killers, launching a campaign of bloody revenge.",An offer you can't refuse.,1972-03-14,175,6000000,245066411,29.4449,8.687,21573,False,False,Released,/3bhkrj58Vtu7enYsRolD1fZdja1.jpg,/tmU7GeKVybMWFButWEGl2M4GeiP.jpg,http://www.thegodfather.com/,DRAMA|CRIME,18|80,Paramount Pictures|Alfran Productions,United States of America,English|Italiano|Latin,,,
240,tt0071562,The Godfather Part II,The Godfather Part II,"In the continuing saga of the Corleone crime family, a young Vito Corleone grows up in Sicily and in 1910s New York. In the 1950s, Michael Corleone attempts to expand the family business into Las Vegas, Hollywood and Cuba.",The rise and fall of the Corleone empire.,1974-12-20,202,13000000,102600000,15.9762,8.571,13028,False,False,Released,/hek3koDUyRQk7FIhPXsa6mT2Zc3.jpg,/kGzFbGhp99zva6oZODW5atUtnqi.jpg,,DRAMA|CRIME,18|80,Paramount Pictures|The Coppola Company|American Zoetrope,United States of America,English|Italiano|Latin|Español,,,
1408248,,Squid Game: Fireplace,오징어 게임: 벽난로,"Come share a toast in the Front Man's lair — but tread carefully, for you’re playing with fire.",,2024-12-12,60,0,0,129.7772,6.8,110,False,False,Released,/cIIMvxLztRs1MbXH0oqaw3SGV0q.jpg,/lu4khHVh8ZF9AbaxW26pp4yLubb.jpg,https://www.netflix.com/title/81985477,,,,South Korea,No Language,,,
324857,tt4633694,Spider-Man: Into the Spider-Verse,Spider-Man: Into the Spider-Verse,"Struggling to find his place in the world while juggling school and family, Brooklyn teenager Miles Morales is unexpectedly bitten by a radioactive spider and develops unfathomable powers just like the one and only Spider-Man. While wrestling with the implications of his new abilities, Miles discovers a super collider created by the madman Wilson ""Kingpin"" Fisk, causing others from across the Spider-Verse to be inadvertently transported to his dimension.",More than one wears the mask.,2018-12-06,117,90000000,384298736,16.1812,8.398,16225,False,False,Released,/iiZZdoQBEYBv6id8su7ImL0oCbD.jpg,/8mnXR9rey5uQ08rZAvzojKWbDQS.jpg,https://www.sonypictures.com/movies/spidermanintothespiderverse,ANIMATION|ACTION|ADVENTURE|SCIENCE_FICTION,16|28|12|878,Columbia Pictures|Lord Miller|Pascal Pictures|Sony Pictures Animation|Arad Productions|Marvel Entertainment,United States of America,English|日本語|Español,,,
1197306,tt9150192,A Working Man,A Working Man,"Levon Cade left behind a decorated military career in the black ops to live a simple life working construction. But when his boss's daughter, who is like family to him, is taken by human traffickers, his search to bring her home uncovers a world of corruption far greater than he ever could have imagined.",Human traffickers beware.,2025-03-26,116,40000000,99068160,93.4789,6.692,1324,False,False,Released,/6FRFIogh3zFnVWn7Z6zcYnIbRcX.jpg,/fTrQsdMS2MUw00RnzH0r3JWHhts.jpg,https://www.amazon.com/salp/aworkingman?hhf,ACTION|CRIME|THRILLER,28|80|53,Cedar Park Entertainment|BlockFilm|Punch Palace Productions|Balboa Productions|Black Bear Pictures|Fifth Season|CAT5,United Kingdom|United States of America,English|Pусский|Español,,,
769,tt0099685,GoodFellas,GoodFellas,"The true story of Henry Hill, a half-Irish, half-Sicilian Brooklyn kid who is adopted by neighbourhood gangsters at an early age and climbs the ranks of a Mafia family under the guidance of Jimmy Conway.",Three decades of life in the mafia.,1990-09-12,145,25000000,46800000,15.184,8.455,13451,False,False,Released,/aKuFiU82s5ISJpGZp7YkIr3kCUd.jpg,/7TF4p86ZafnxFuNqWdhpHXFO244.jpg,http://www.warnerbros.com/goodfellas,DRAMA|CRIME,18|80,Winkler Films,United States of America,Italiano|English,,,
82690,tt1772341,Wreck-It Ralph,Wreck-It Ralph,"Wreck-It Ralph is the 9-foot-tall, 643-pound villain of an arcade video game named Fix-It Felix Jr., in which the game's titular hero fixes buildings that Ralph destroys. Wanting to prove he can be a good guy and not just a villain, Ralph escapes his game and lands in Hero's Duty, a first-person shooter where he helps the game's hero battle against alien invaders. He later enters Sugar Rush, a kart racing game set on tracks made of candies, cookies and other sweets. There, Ralph meets Vanellope von Schweetz who has learned that her game is faced with a dire threat that could affect the entire arcade, and one that Ralph may have inadvertently started.",The story of a regular guy just looking for a little wreck-ognition.,2012-11-01,101,165000000,471222889,53.4245,7.3,12568,False,False,Released,/zWoIgZ7mgmPkaZjG0102BSKFIqQ.jpg,/3IFRjBDwtk0DlIsDfJ2zEzLjUBi.jpg,http://disney.go.com/wreck-it-ralph,FAMILY|ANIMATION|COMEDY|ADVENTURE,10751|16|35|12,Walt Disney Animation Studios|Walt Disney Pictures,United States of America,English,,,
1379587,tt32001464,Utopia,Utopia,"A soldier searching for his missing wife breaks into a high-tech facility, believing she's been caught in a human trafficking ring. But beyond its walls, he finds a surreal, futuristic fantasy park where reality and illusion blur. As he navigates this seductive and dangerous world, a shocking truth pulls him deeper into a deadly game where nothing is as it seems.",,2024-12-09,93,0,0,94.5649,5.476,42,False,False,Released,/yef0tY1Nw3BX8PJTfBLieqHj5Hw.jpg,/79tWkw0oc4Az96bzw5jGsMI05DS.jpg,,MYSTERY|THRILLER|ACTION|SCIENCE_FICTION,9648|53|28|878,SP Media Group,United States of America,English,,,
569094,tt9362722,Spider-Man: Across the Spider-Verse,Spider-Man: Across the Spider-Verse,"After reuniting with Gwen Stacy, Brooklyn’s full-time, friendly neighborhood Spider-Man is catapulted across the Multiverse, where he encounters the Spider Society, a team of Spider-People charged with protecting the Multiverse’s very existence. But when the heroes clash on how to handle a new threat, Miles finds himself pitted against the other Spiders and must set out on his own to save those he loves most.",It's how you wear the mask that matters.,2023-05-31,140,100000000,690897910,24.1253,8.347,7662,False,False,Released,/8Vt6mWEReuy4Of61Lnj5Xj704m8.jpg,/kVd3a9YeLGkoeR50jGEXM6EqseS.jpg,https://www.sonypictures.com/movies/spidermanacrossthespiderverse,ANIMATION|ACTION|ADVENTURE|SCIENCE_FICTION,16|28|12|878,Columbia Pictures|Sony Pictures Animation|Lord Miller|Pascal Pictures|Arad Productions|Marvel Entertainment,United States of America,English|हिन्दी|Italiano|Español,,,
1356039,tt23648788,Counterattack,Contraataque,"When a hostage rescue mission creates a new enemy, Capt. Guerrero and his elite soldiers must face an ambush by a criminal group.",,2025-02-27,85,0,0,20.569,8.322,712,False,False,Released,/38I76hGcFY6xB47pjm7pZwkfuAF.jpg,/deUWVEgNh2IGjShyymZhaYP40ye.jpg,https://www.netflix.com/title/81936018,ACTION|ADVENTURE|THRILLER,28|12|53,Draco Films,Mexico,Español,,,
704264,tt11191124,Primal: Tales of Savagery,Primal: Tales of Savagery,"Genndy Tartakovsky's Primal: Tales of Savagery features a caveman and a dinosaur on the brink of extinction. Bonded by tragedy, this unlikely friendship becomes the only hope of survival.",,2019-11-21,85,0,0,1.1185,8.374,338,False,False,Released,/9NBBkdxH0TjQEBSN2AzeE1sgsF9.jpg,/uBZQOYZLIU9dBmd62fdzBAoropu.jpg,,ACTION|ADVENTURE|ANIMATION|DRAMA,28|12|16|18,Cartoon Network Studios|Williams Street,United States of America,English,,,
912649,tt16366836,Venom: The Last Dance,Venom: The Last Dance,"Eddie and Venom are on the run. Hunted by both of their worlds and with the net closing in, the duo are forced into a devastating decision that will bring the curtains down on Venom and Eddie's last dance.",'Til death do they part.,2024-10-22,109,120000000,478103649,43.7427,6.719,3542,False,False,Released,/vGXptEdgZIhPg3cGlc7e8sNPC2e.jpg,/3V4kLQg0kSqPLctI5ziYWabAZYF.jpg,https://venom.movie,ACTION|SCIENCE_FICTION|ADVENTURE,28|878|12,Columbia Pictures|Pascal Pictures|Matt Tolmach Productions|Hutch Parker Entertainment|Arad Productions,United States of America,English,,,
1124620,tt27714946,The Monkey,The Monkey,"When twin brothers find a mysterious wind-up monkey, a series of outrageous deaths tear their family apart. Twenty-five years later, the monkey begins a new killing spree forcing the estranged brothers to confront the cursed toy.",Everybody dies. And that's fucked up.,2025-02-14,97,10000000,68869853,48.3236,5.954,766,False,False,Released,/yYa8Onk9ow7ukcnfp2QWVvjWYel.jpg,/pp5VyGrGnpHxuQEtb1JOpGDcRO3.jpg,http://www.neonrated.com/film/the-monkey,HORROR|COMEDY,27|35,Atomic Monster|C2 Motion Picture Group|Range Media Partners|Oddfellows Entertainment|The Safran Company|Stars Collective,Canada|United States of America,English,,,
82702,tt1646971,How to Train Your Dragon 2,How to Train Your Dragon 2,"Five years have passed since Hiccup and Toothless united the dragons and Vikings of Berk. Now, they spend their time charting unmapped territories. During one of their adventures, the pair discover a secret cave that houses hundreds of wild dragons -- and a mysterious dragon rider. Hiccup and Toothless find themselves at the center of a battle to protect Berk from a power-hungry warrior.",The training is over.,2014-06-05,102,145000000,621537519,54.8745,7.676,9897,False,False,Released,/d13Uj86LdbDLrfDoHR5aDOFYyJC.jpg,/5MnP0h7RcUCeX7gpxMYoMScmfq7.jpg,http://howtotrainyourdragon.com,FANTASY|ACTION|ADVENTURE|ANIMATION|COMEDY|FAMILY,14|28|12|16|35|10751,DreamWorks Animation,United States of America,English,,,
1470736,tt36749443,Open,Open,"The perfect summer turns into a blood-soaked nightmare as counselors at an isolated camp are hunted by a killer and the truth behind the murders is darker than anyone imagined. If the killer doesn't get you, the drama definitely will.","Camp Greenwich: Great pay, hot counselors, and a summer you’ll never forget… if you survive.",2025-06-14,64,0,0,84.8951,6.5,2,False,False,Released,/A7TXvimVRgGiKsviUopqPLr3fY1.jpg,/3SkOJ7xyzn2okRZLlY6rs6Ohmtv.jpg,https://watch.amazon.com/detail?gti=amzn1.dv.gti.cbb2a850-b50e-4e36-8268-18db32715267&territory=US&ref_=share_ios_movie&r=web,HORROR|COMEDY,27|35,David Films,United States of America,English,,,
1011985,tt21692408,Kung Fu Panda 4,Kung Fu Panda 4,"Po is gearing up to become the spiritual leader of his Valley of Peace, but also needs someone to take his place as Dragon Warrior. As such, he will train a new kung fu practitioner for the spot and will encounter a villain called the Chameleon who conjures villains from the past.","The ""Dragon"" returns.",2024-03-02,94,80000000,548040835,38.5839,7.1,3123,False,False,Released,/nqXsAaQsKw2gKpkfhIgjXNDRqg7.jpg,/kYgQzzjNis5jJalYtIHgrom0gOx.jpg,https://www.dreamworks.com/movies/kung-fu-panda-4,ANIMATION|FAMILY|ACTION|COMEDY|ADVENTURE|FANTASY,16|10751|28|35|12|14,DreamWorks Animation,United States of America,English,,,
274,tt0102926,The Silence of the Lambs,The Silence of the Lambs,"Clarice Starling is a top student at the FBI's training academy.  Jack Crawford wants Clarice to interview Dr. Hannibal Lecter, a brilliant psychiatrist who is also a violent psychopath, serving life behind bars for various acts of murder and cannibalism.  Crawford believes that Lecter may have insight into a case and that Starling, as an attractive young woman, may be just the bait to draw him out.",To enter the mind of a killer she must challenge the mind of a madman.,1991-02-14,119,19000000,272742922,3.4743,8.347,16893,False,False,Released,/uS9m8OBk1A8eM9I042bx8XXpqAq.jpg,/aYcnDyLMnpKce1FOYUpZrXtgUye.jpg,,CRIME|DRAMA|THRILLER,80|18|53,Orion Pictures|Strong Heart,United States of America,English,,,
1011477,tt1674782,Karate Kid: Legends,Karate Kid: Legends,"After a family tragedy, kung fu prodigy Li Fong is uprooted from his home in Beijing and forced to move to New York City with his mother. When a new friend needs his help, Li enters a karate competition – but his skills alone aren't enough. Li's kung fu teacher Mr. Han enlists original Karate Kid Daniel LaRusso for help, and Li learns a new way to fight, merging their two styles into one for the ultimate martial arts showdown.",When masters unite a new legacy begins.,2025-05-08,94,45000000,102300000,51.3919,6.9,159,False,False,Released,/c90Lt7OQGsOmhv6x4JoFdoHzw5l.jpg,/lAnkMSDISzMYLWICS7m16rSTUHD.jpg,https://karatekid.movie,ACTION|ADVENTURE|DRAMA,28|12|18,Columbia Pictures|Sunswept Entertainment,United States of America,English,,,
278,tt0111161,The Shawshank Redemption,The Shawshank Redemption,"Imprisoned in the 1940s for the double murder of his wife and her lover, upstanding banker Andy Dufresne begins a new life at the Shawshank prison, where he puts his accounting skills to work for an amoral warden. During his long stretch in prison, Dufresne comes to be admired by the other inmates -- including an older prisoner named Red -- for his integrity and unquenchable sense of hope.",Fear can hold you prisoner. Hope can set you free.,1994-09-23,142,25000000,28341469,27.7928,8.712,28480,False,False,Released,/9cqNxx0GxF0bflZmeSMuL5tnGzr.jpg,/zfbjgQE1uSd9wiPTX4VzsLi0rGG.jpg,,DRAMA|CRIME,18|80,Castle Rock Entertainment,United States of America,English,,,
1363224,tt24132234,Fear Cabin: The Last Weekend of Summer,Fear Cabin: The Last Weekend of Summer,"Six friends rent a cabin in the middle of the woods on the last weekend of summer and set out to have an amazing time full of partying and drinking. Little do they know that they will be sharing this cabin with an unexpected guest, will they make it out alive?",,2024-09-27,0,0,0,111.5662,10.0,1,False,False,Released,/gaSqrnpSnTq5oYno0KnDyDXAF5r.jpg,/xfVqUIwm1fgp2lAImhegmWWqpFv.jpg,,HORROR,27,Brian Krainson Film Studios|Atl Stunts,United States of America,English,,,
11544,tt0275847,Lilo & Stitch,Lilo & Stitch,"As Stitch, a runaway genetic experiment from a faraway planet, wreaks havoc on the Hawaiian Islands, he becomes the mischievous adopted alien ""puppy"" of an independent little girl named Lilo and learns about loyalty, friendship, and ʻohana, the Hawaiian tradition of family.",There's one in every family.,2002-06-21,85,80000000,273144151,40.5738,7.557,6654,False,False,Released,/d73UqZWyw3MUMpeaFcENgLZ2kWS.jpg,/aIglP9Z5gtkQf7Fidb4NRv2gfDj.jpg,https://movies.disney.com/lilo-stitch,ANIMATION|FAMILY|COMEDY,16|10751|35,Walt Disney Pictures|Walt Disney Feature Animation,United States of America,English,,,
7451,tt0295701,xXx,xXx,"Xander Cage is your standard adrenaline junkie with no fear and a lousy attitude. When the US Government ""recruits"" him to go on a mission, he's not exactly thrilled. His mission: to gather information on an organization that may just be planning the destruction of the world, led by the nihilistic Yorgi.",A new breed of secret agent.,2002-08-09,124,70000000,277448382,98.6827,5.946,4445,False,False,Released,/xeEw3eLeSFmJgXZzmF2Efww0q3s.jpg,/qwK9soQmmJ7kRdjLZVXblw3g7AQ.jpg,http://www.sonypictures.com/movies/xxx/,ACTION|ADVENTURE|THRILLER|CRIME,28|12|53|80,Columbia Pictures|Original Film|Revolution Studios|Neal H. Moritz Productions,United States of America|Czech Republic,Český|English|Deutsch|Español|Pусский,,,
1040159,tt23014880,My Massive Cock,My Massive Cock,"An extra-large penis is an object of desire for many. But for some men, extra-large seriously complicates their lives and relationships, and penis reduction surgery seems the only answer.",,2022-10-24,47,0,0,41.5008,6.222,9,False,False,Released,/9JQHViS8uugeWKfFsnEj3xTB2dZ.jpg,/yATuNOVifq933nYIqHX9LNp83Vx.jpg,https://www.channel4.com/programmes/my-massive,DOCUMENTARY,99,Channel 4 Television|Out of the Blue Productions,United Kingdom,English,,,
259872,tt1852099,Skin. Like. Sun.,Des jours plus belles que la nuit,"Real-life young couple Wim and Floor spend an afternoon in the sunwashed rooms of a crumbling home in Belgium. In a unique twist, this artistic erotic documentary is edited in nearly real-time. In the slowness, we get the build, the sweetness, and the sexiness. Forget about fingersnapping fast editing. Slow is where it’s at.",,2009-10-10,60,0,0,45.623,5.9,101,False,False,Released,/uCkANtG6ezb7hjRKVudY3PUcbvn.jpg,/dzY2ZYyPRbXcw8UOupHK3V5VQYk.jpg,,ROMANCE,10749,Blue Artichoke Films|la fille d'O,Netherlands|Belgium,No Language,,,
575265,tt9603208,Mission: Impossible - The Final Reckoning,Mission: Impossible - The Final Reckoning,"Ethan Hunt and team continue their search for the terrifying AI known as the Entity — which has infiltrated intelligence networks all over the globe — with the world's governments and a mysterious ghost from Hunt's past on their trail. Joined by new allies and armed with the means to shut the Entity down for good, Hunt is in a race against time to prevent the world as we know it from changing forever.",Our lives are the sum of our choices.,2025-05-17,170,400000000,561012404,122.4837,7.2,881,False,False,Released,/z53D72EAOxGRqdr7KXXWp9dJiDe.jpg,/aEG09hZZEDZ23Y9WYI701W6Gwnb.jpg,https://www.missionimpossible.com,ACTION|ADVENTURE|THRILLER,28|12|53,Paramount Pictures|Skydance Media|TC Productions,United States of America,Français|English|,,,
629542,tt8115900,The Bad Guys,The Bad Guys,"When the Bad Guys, a crew of criminal animals, are finally caught after years of heists and being the world’s most-wanted villains, Mr. Wolf brokers a deal to save them all from prison.",Good is no fun at all.,2022-03-17,100,80000000,250162278,11.9462,7.5,2176,False,False,Released,/6fcFmdVLCCbf1gFt8HlC6BRj8pt.jpg,/9IDJpHROaC0S1ZlIxrvzOcOX5yC.jpg,https://www.dreamworks.com/movies/the-bad-guys,FAMILY|COMEDY|CRIME|ADVENTURE|ANIMATION,10751|35|80|12|16,DreamWorks Animation,United States of America,English,,,
1084199,tt26584495,Companion,Companion,"During a weekend getaway at a secluded lakeside estate, a group of friends finds themselves entangled in a web of secrets, deception, and advanced technology. As tensions rise and loyalties are tested, they uncover unsettling truths about themselves and the world around them.",Find someone made just for you.,2025-01-22,97,10000000,36709101,39.8724,7.1,1418,False,False,Released,/oCoTgC3UyWGfyQ9thE10ulWR7bn.jpg,/12YCAnTgkQvMpwpyPkuLq77koun.jpg,https://www.findyourcompanion.com,HORROR|ROMANCE|SCIENCE_FICTION|THRILLER,27|10749|878|53,BoulderLight Pictures|New Line Cinema|Vertigo Entertainment|Subconscious|Domain Entertainment,United States of America,Deutsch|普通话|English|Español|Pусский,,,
807,tt0114369,Se7en,Se7en,"Two homicide detectives are on a desperate hunt for a serial killer whose crimes are based on the ""seven deadly sins"" in this dark and haunting film that takes viewers from the tortured remains of one victim to the next. The seasoned Det. Somerset researches each sin in an effort to get inside the killer's mind, while his novice partner, Mills, scoffs at his efforts to unravel the case.",What's in the box?,1995-09-22,127,33000000,327311859,23.424,8.4,21813,False,False,Released,/191nKfP0ehp3uIvWqgPbFmI4lv9.jpg,/p1PLSI5Nw2krGxD7X4ulul1tDAk.jpg,https://www.warnerbros.com/movies/seven,CRIME|MYSTERY|THRILLER,80|9648|53,New Line Cinema|Juno Pix|Arnold Kopelson Productions,United States of America,English,,,
447273,tt6208148,Snow White,Snow White,"Following the benevolent King's disappearance, the Evil Queen dominated the once fair land with a cruel streak. Princess Snow White flees the castle when the Queen, in her jealousy over Snow White's inner beauty, tries to kill her. Deep into the dark woods, she stumbles upon seven magical dwarves and a young bandit named Jonathan. Together, they strive to survive the Queen's relentless pursuit and aspire to take back the kingdom.",The classic tale comes to life.,2025-03-12,109,270000000,205067778,82.6484,4.298,1213,False,False,Released,/xWWg47tTfparvjK0WJNX4xL8lW2.jpg,/tyfO9jHgkhypUFizRVYD0bytPjP.jpg,https://movies.disney.com/snow-white-2025,FAMILY|FANTASY,10751|14,Walt Disney Pictures|Marc Platt Productions,United States of America,English,,,
311,tt0087843,Once Upon a Time in America,Once Upon a Time in America,"A former Prohibition-era Jewish gangster returns to the Lower East Side of Manhattan over thirty years later, where he once again must confront the ghosts and regrets of his old life.","Crime, passion and lust for power.",1984-05-23,229,30000000,5500000,8.3065,8.411,5646,False,False,Released,/i0enkzsL5dPeneWnjl1fCWm6L7k.jpg,/uPYa165sraN2c8gZBM9C47g3JoU.jpg,,DRAMA|CRIME,18|80,Embassy International Pictures|Warner Bros. Pictures|PSO,United States of America,English|Français|עִבְרִית|Italiano|,,,
1328956,tt31849867,Alma & the Wolf,Alma & the Wolf,"After a violent animal attack, paranoia spreads through Spiral Creek. But when Deputy Ren Accord gets too close, his son vanishes, and reality begins to fracture.",,2025-06-20,89,0,0,7.8073,5.556,18,False,False,Released,/t4SUgmGGhMS4t9g0DJzAjRS5Hcj.jpg,/eefyPkk70H4tf7i8XX8hI2dAaNC.jpg,,HORROR|MYSTERY|THRILLER,27|9648|53,TPC|Tatterdemalion Pictures,United States of America,English,,,
1022787,tt4900148,Elio,Elio,"Elio, a space fanatic with an active imagination, finds himself on a cosmic misadventure where he must form new bonds with eccentric alien lifeforms, navigate a crisis of intergalactic proportions and somehow discover who he is truly meant to be.",They asked for our leader. They got... him.,2025-06-18,98,150000000,72300000,73.2518,6.906,112,False,False,Released,/w2ARwtc1zoh0pyfwmyhpZHwuXgK.jpg,/mBDoBHUZHHy9WG7dRFndjB8adhc.jpg,https://movies.disney.com/elio,FAMILY|COMEDY|ADVENTURE|ANIMATION|SCIENCE_FICTION,10751|35|12|16|878,Pixar,United States of America,English|Français|日本語|Español,,,
1022789,tt22022452,Inside Out 2,Inside Out 2,"Teenager Riley's mind headquarters is undergoing a sudden demolition to make room for something entirely unexpected: new Emotions! Joy, Sadness, Anger, Fear and Disgust, who’ve long been running a successful operation by all accounts, aren’t sure how to feel when Anxiety shows up. And it looks like she’s not alone.",Make room for new emotions.,2024-06-11,97,200000000,1698863816,45.12,7.554,5940,False,False,Released,/vpnVM9B6NMmQpWeZvzLvDESb2QY.jpg,/p5ozvmdgsmbWe0H8Xk7Rc8SCwAB.jpg,https://movies.disney.com/inside-out-2,ANIMATION|ADVENTURE|COMEDY|FAMILY,16|12|35|10751,Pixar,United States of America,English,,,
4935,tt0347149,Howl's Moving Castle,ハウルの動く城,"Sophie, a young milliner, is turned into an elderly woman by a witch who enters her shop and curses her. She encounters a wizard named Howl and gets caught up in his resistance to fighting for the king.",The two lived there.,2004-09-09,119,24000000,236049757,16.6643,8.397,10364,False,False,Released,/23hUJh7JdO23SpgUB5oiFDQk2wX.jpg,/nv5wwZou159v5OC61i4ElR7OqyY.jpg,,FANTASY|ANIMATION|ADVENTURE,14|16|12,Studio Ghibli|dentsu Music and Entertainment|Mitsubishi|Nippon Television Network Corporation|TFC|Tokuma Shoten|d-rights,Japan,日本語,,,
1094473,tt32373637,Bambi: A Life in the Woods,"Bambi, l'histoire d'une vie dans les bois","The life of Bambi, a male roe deer, from his birth through childhood, the loss of his mother, the finding of a mate, the lessons he learns from his father, and the experience he gains about the dangers posed by human hunters in the forest.",,2024-10-16,77,0,1419154,39.6131,5.8,30,False,False,Released,/vWNVHtwOhcoOEUSrY1iHRGbgH8O.jpg,/ce51NvJSO5ReNkm3C3YDX5jsH1V.jpg,https://www.gedeonmediagroup.com/en/production/bambi-a-tale-of-life-in-the-woods/,ADVENTURE|FAMILY|DOCUMENTARY,12|10751|99,MC4|Gébéka Films|Kinology,France,Français,,,
1380682,tt30908405,The Last Rodeo,The Last Rodeo,"A retired rodeo legend risks it all to save his grandson. Facing his own painful past and the fears of his family, he enters a high-stakes bullriding competition as the oldest contestant ever. Along the way, he reconciles old wounds with his estranged daughter and proves that true courage is found in the fight for family.",,2025-05-22,118,8000000,13506059,46.3437,7.5,30,False,False,Released,/cpATW9o83IwYqPkiT7WLqL2jxlF.jpg,/lyOSmvb6mT78mi1Oi9NqFNrBAgo.jpg,https://www.angel.com/movies/last-rodeo,DRAMA,18,Angel Studios|Unity Productions Foundation|Brooklyn Films|MC Entertainment|Red Sky Studios|Unity Entertainment|Professional Bull Riders,United States of America,English,,,
1017163,tt27811040,The Roundup: Punishment,범죄도시 4,'Monster Cop' Ma Seok-do investigates an illegal online gambling business led by a former STS Baek and an IT genius CEO Chang. Ma proposes an unexpected alliance to Jang and begins hunting down the criminals.,Time for the ultimate wipeout.,2024-04-24,109,0,83703350,89.7974,7.003,157,False,False,Released,/yk38mNoJpsswmk9o7i7eLhO4mc.jpg,/mO9oOVXM8tTlC11VFM4FBBNnL3f.jpg,,ACTION|CRIME|DRAMA|THRILLER|COMEDY,28|80|18|53|35,BA Entertainment|Hong Film|Big Punch Pictures|ABO Entertainment,South Korea,English|한국어/조선말|,,,
668489,tt14123284,Havoc,Havoc,"When a drug heist swerves lethally out of control, a jaded cop fights his way through a corrupt city's criminal underworld to save a politician's son.",No law. Only disorder.,2025-04-25,107,90000000,0,36.8902,6.46,873,False,False,Released,/ubP2OsF3GlfqYPvXyLw9d78djGX.jpg,/7rKyFSg6SdLoCRCVoWLjL5k658k.jpg,https://www.netflix.com/title/81330790,ACTION|CRIME|THRILLER,28|80|53,XYZ Films|Severn Screen|One More One Productions,United Kingdom|United States of America,English,,,
1165642,tt28664733,Lost in Starlight,이 별에 필요한,"When an astronaut leaves Earth for Mars, the vast infinite space divides star-crossed lovers in this animated romance that crosses the cosmos.","Never forget. Somewhere in this universe, there is someone always supporting you.",2025-05-30,96,0,0,16.3346,7.2,69,False,False,Released,/dXlUIfwejWa9YvugU9V773dUASY.jpg,/drSJ0HVuSNFMPq5VzAEHk37BiEC.jpg,https://www.netflix.com/title/81664623,ANIMATION|ROMANCE|SCIENCE_FICTION,16|10749|878,Climax Studios|SLL|Red Dog Culture House,South Korea,한국어/조선말|English,,,
1285965,tt32299316,Dangerous Animals,Dangerous Animals,"A savvy and free-spirited surfer is abducted by a shark-obsessed serial killer. Held captive on his boat, she must figure out how to escape before he carries out a ritualistic feeding to the sharks below.",The ocean leaves no trace.,2025-06-05,98,0,5016634,10.6651,7.1,17,False,False,Released,/9tk3Si960hg4E49eMt81dS7Qe9Z.jpg,/baAFsaYx5dZvb4g8NyE7iDh8p6q.jpg,https://www.independentfilmco.com/films/dangerous-animals,HORROR|THRILLER,27|53,LD Entertainment|Mister Smith Entertainment|Brouhaha Entertainment|Range Media Partners|Oddfellows Entertainment,Australia|United States of America|Canada|United Kingdom,English,,,
1403735,tt32831759,Laila,లైలా,"Sonu Model, a renowned beautician from the old city, is forced to disguise himself as Laila, leading to a series of comedic, romantic, and action-packed events. Chaos ensues in this hilarious laugh riot",,2025-02-14,134,0,0,94.8203,5.8,5,False,False,Released,/l4gsNxFPGpzbq0D6QK1a8vO1lBz.jpg,/vNUwK5P42m81uG57kKI1WxSZwIQ.jpg,,COMEDY|ROMANCE,35|10749,Shine Screens,India,తెలుగు,,,
1426776,tt32550101,STRAW,STRAW,What will be her last straw? A devastatingly bad day pushes a hardworking single mother to the breaking point — and into a shocking act of desperation.,This is her last.,2025-06-05,105,0,0,136.3952,7.958,662,False,False,Released,/t3cmnXYtxJb9vVL1ThvT2CWSe1n.jpg,/wnnu8htEZBLtwrke9QYfLKx6zjp.jpg,https://www.netflix.com/title/81774713,THRILLER|DRAMA|CRIME,53|18|80,Tyler Perry Studios,United States of America,English,,,
372058,tt5311514,Your Name.,君の名は。,"High schoolers Mitsuha and Taki are complete strangers living separate lives. But one night, they suddenly switch places. Mitsuha wakes up in Taki’s body, and he in hers. This bizarre occurrence continues to happen randomly, and the two must adjust their lives around each other.","Separated by distance, connected by fate.",2016-08-26,106,0,358000000,15.6796,8.483,11827,False,False,Released,/8GJsy7w7frGquw1cy9jasOGNNI1.jpg,/8x9iKH8kWA0zdkgNdpAew7OstYe.jpg,https://www.funimationfilms.com/movie/yourname/,ANIMATION|ROMANCE|DRAMA,16|10749|18,CoMix Wave Films|TOHO|KADOKAWA|jeki|AMUSE|voque ting|Lawson Entertainment,Japan,日本語,,,
346,tt0047478,Seven Samurai,七人の侍,"A samurai answers a village's request for protection after he falls on hard times. The town needs protection from bandits, so the samurai gathers six others to help him teach the people how to defend themselves, and the villagers provide the soldiers with food.",Unmatched for suspense and spectacle!,1954-04-26,207,2000000,105000000,8.7222,8.455,3921,False,False,Released,/8OKmBV5BUFzmozIC3pPWKHy17kx.jpg,/sJNNMCc6B7KZIY3LH3JMYJJNH5j.jpg,,ACTION|DRAMA,28|18,TOHO,Japan,日本語,,,
1241436,tt31434639,Warfare,Warfare,"A platoon of Navy SEALs embarks on a dangerous mission in Ramadi, Iraq, with the chaos and brotherhood of war retold through their memories of the event.",Everything is based on memory.,2025-04-09,95,20000000,31896828,66.1627,7.174,671,False,False,Released,/srj9rYrjefyWqkLc6l2xjTGeBGO.jpg,/cJvUJEEQ86LSjl4gFLkYpdCJC96.jpg,https://a24films.com/films/warfare,WAR|ACTION,10752|28,DNA Films|A24,United Kingdom|United States of America,English|Türkçe,,,
1891,tt0080684,The Empire Strikes Back,The Empire Strikes Back,"The epic saga continues as Luke Skywalker, in hopes of defeating the evil Galactic Empire, learns the ways of the Jedi from aging master Yoda. But Darth Vader is more determined than ever to capture Luke. Meanwhile, rebel leader Princess Leia, cocky Han Solo, Chewbacca, and droids C-3PO and R2-D2 are thrown into various stages of capture, betrayal and despair.",The Star Wars saga continues.,1980-05-20,124,18000000,538400000,8.098,8.396,17493,False,False,Released,/nNAeTmF4CtdSgMDplXTDPOpYzsX.jpg,/kgjvZgs6cV2v5bigzzzWqJ9EMGs.jpg,http://www.starwars.com/films/star-wars-episode-v-the-empire-strikes-back,ADVENTURE|ACTION|SCIENCE_FICTION,12|28|878,Lucasfilm Ltd.,United States of America,English,,,
820067,tt15721650,The Quintessential Quintuplets Movie,映画 五等分の花嫁,"When five lovely young girls who hate studying hire part-time tutor Futaro, he guides not only their education but also their hearts. Time spent has brought them all closer, with feelings growing within the girls and Futaro. As they finish their third year of high school and their last school festival approaches, they set their sights on what’s next. Is there a future with one of them and Futaro?",,2022-05-20,136,0,17288993,3.8469,8.335,414,False,False,Released,/sg7klpt1xwK1IJirBI9EHaqQwJ5.jpg,/gcgKSyE2iqwfKWMDZ8TJPxeIu0P.jpg,https://www.thequintessentialquintuplets-movie.com,ANIMATION|COMEDY|ROMANCE,16|35|10749,Pony Canyon|Nichion|Bibury Animation Studios|BS11|GYAO|Kodansha|Good Smile Film|Bushiroad|MAGNET|TBS,Japan,日本語,,,
822119,tt14513804,Captain America: Brave New World,Captain America: Brave New World,"After meeting with newly elected U.S. President Thaddeus Ross, Sam finds himself in the middle of an international incident. He must discover the reason behind a nefarious global plot before the true mastermind has the entire world seeing red.",The future favors the brave.,2025-02-12,119,180000000,415101577,65.1531,6.07,2264,False,False,Released,/pzIddUEMWhWzfvLI3TwxUG2wGoi.jpg,/8eifdha9GQeZAkexgtD45546XKx.jpg,https://www.marvel.com/movies/captain-america-brave-new-world,ACTION|THRILLER|SCIENCE_FICTION,28|53|878,Marvel Studios|Kevin Feige Productions,United States of America,English|日本語|Español,,,
462183,tt6126506,Wild Awakening,Salvaje despertar,"Toni and Emma are brother and sister who owns a stable farm. Ramon and his son, Aaron works for them. Toni is openly gay and loves to party, Emma has a crush on Aaron who is a closeted gay who is afraid that his father might find out, but his father also has a secret.","Love, youth & sex in its wildest way",2016-10-23,105,0,0,39.935,5.275,20,False,False,Released,/jD9MILmkIeBBoFJbOjHAaCQ3sEA.jpg,/lJJUpqjlZYKxIO1YdlmA15pa1Bf.jpg,http://tlareleasing.com/films/wild-awakening/,DRAMA|ROMANCE|THRILLER,18|10749|53,Realizando Historias Films,Spain,Español,,,
1181039,tt33293355,Candle in the Tomb: The Worm Valley,鬼吹灯：献王虫谷,"Adapted from the 3rd volume in the novel series ""Candle in the Tomb"" by Zhang Mu Ye. Hu Bayi, Wang Kaixuan, and Shiely Yang, infected with a curse, embark on a journey to King Xian's tomb to retrieve the Haochen Bead and break the curse. They face ancient organs, ghostly visions, explosive bugs, and a massive salamander.",,2023-09-22,94,0,0,203.0312,6.7,20,False,False,Released,/7Hk1qxAvZi9H9cfBb4iHkoGjapH.jpg,/9f06S7Uc1Xmnc3OYtK8UKu9o3Ox.jpg,,ACTION|ADVENTURE|HORROR,28|12|27,Beijing Reliable Media|New Studios Pictures|Hangzhou New Studios Pictures|Beijing Letang Picture Media Co. LTD,China,普通话,,,
1275248,tt32060445,Sister Midnight,Sister Midnight,"In Mumbai, an arranged marriage spirals into darkness as the spineless husband watches his wife morph into a ruthless, feral force within their marital confines.",,2025-03-14,107,0,0,7.5644,6.4,13,False,False,Released,/6KV57QMXZXxkZB3LQHiUpPD2q16.jpg,/hXVkzv6bIOC8W0BwScchaVTRZTL.jpg,https://wellingtonfilms.co.uk/sister-midnight,COMEDY|DRAMA,35|18,Wellington Films|Filmgate Films|Film i Väst|Griffin Pictures|Suitable Pictures,India|United Kingdom|Sweden,English|हिन्दी|日本語,,,
1241982,tt13622970,Moana 2,Moana 2,"After receiving an unexpected call from her wayfinding ancestors, Moana journeys alongside Maui and a new crew to the far seas of Oceania and into dangerous, long-lost waters for an adventure unlike anything she's ever faced.",The ocean is calling them back.,2024-11-21,100,150000000,1059242164,72.2927,7.078,2508,False,False,Released,/aLVkiINlIeCkcZIzb7XHzPYgO6L.jpg,/zo8CIjJ2nfNOevqNajwMRO6Hwka.jpg,https://movies.disney.com/moana-2,ANIMATION|ADVENTURE|FAMILY|COMEDY,16|12|10751|35,Walt Disney Pictures|Walt Disney Animation Studios|Walt Disney Animation Studios,Canada|United States of America,English,,,
1289601,tt21478426,Life After Fighting,Life After Fighting,"Retired martial arts world champion Alex Faulkner has settled into a simple life, when the disappearance of two of his students leads to an unthinkable discovery close to home. Just when all hope of finding the children is lost, he locates the imprisoned girls and unsurfaces an international child trafficking operation, which draws him back into the fight of his life against those behind it.",,2024-06-07,126,0,0,83.6777,7.0,44,False,False,Released,/uKWAk4BHzyEOMmLKUDXoIAPhH36.jpg,/7TIoq6DRnMn2aDViSRfPooWZkga.jpg,,ACTION|DRAMA|THRILLER,28|18|53,Blue Stone Media|Broken Yellow|Spinning Plates,Australia,English,,,
9603,tt0112697,Clueless,Clueless,"Shallow, rich and socially successful Cher is at the top of her Beverly Hills high school's pecking scale. Seeing herself as a matchmaker, Cher first coaxes two teachers into dating each other. Emboldened by her success, she decides to give hopelessly klutzy new student Tai a makeover. When Tai becomes more popular than she is, Cher realizes that her disapproving ex-stepbrother was right about how misguided she was -- and falls for him.",Sex. Clothes. Popularity. Is there a problem here?,1995-07-19,97,12000000,56631572,10.2724,7.273,4551,False,False,Released,/8AwVTcgpTnmeOs4TdTWqcFDXEsA.jpg,/65d0MccsiRSPTVicregKQL8owoo.jpg,,COMEDY|ROMANCE,35|10749,Paramount Pictures|Robert Lawrence Productions|Scott Rudin Productions,United States of America,Español|English,,,
1234821,tt31036941,Jurassic World Rebirth,Jurassic World Rebirth,"Five years after the events of Jurassic World Dominion, covert operations expert Zora Bennett is contracted to lead a skilled team on a top-secret mission to secure genetic material from the world's three most massive dinosaurs. When Zora's operation intersects with a civilian family whose boating expedition was capsized, they all find themselves stranded on an island where they come face-to-face with a sinister, shocking discovery that's been hidden from the world for decades.",A new era is born.,2025-07-01,134,180000000,0,128.7948,7.5,19,False,False,Released,/skSoZMossoIYvzOf2UnaWqLscJl.jpg,/peAzdLKtT6VDWIfPQO9LJD1NCG4.jpg,https://www.jurassicworld.com,SCIENCE_FICTION|ADVENTURE|ACTION,878|12|28,Universal Pictures|Amblin Entertainment|The Kennedy/Marshall Company|India Take One|Latina Pictures,United States of America,English,,,
389,tt0050083,12 Angry Men,12 Angry Men,"The defense and the prosecution have rested and the jury is filing into the jury room to decide if a young Spanish-American is guilty or innocent of murdering his father. What begins as an open and shut case soon becomes a mini-drama of each of the jurors' prejudices and preconceptions about the trial, the accused, and each other.",Life is in their hands — Death is on their minds!,1957-04-10,97,397751,4360000,14.9335,8.548,9217,False,False,Released,/ow3wq89wM8qd5X7hWKxiRfsFf9C.jpg,/bxgTSUenZDHNFerQ1whRKplrMKF.jpg,,DRAMA,18,United Artists|Orion-Nova Productions,United States of America,English,,,
1058694,tt14570440,Radical,Radical,"In a Mexican border town plagued by neglect, corruption, and violence, a frustrated teacher tries an unorthodox new method to break through his students’ apathy and unlock their curiosity, their potential... and perhaps even their genius.",Think for yourself.,2023-10-19,126,10000000,21761164,2.2607,8.359,458,False,False,Released,/eGMkkbG85JUyXQEsbZKSnBrymts.jpg,/gutU32BiBxJvJdzLv5RWC9hQhNh.jpg,https://www.radical.movie,DRAMA,18,3Pas Studios|Epic|The Lift|ViX,Mexico|United States of America,Español,,,
1228681,tt26270862,Sex,Sex,"Two men in heterosexual marriages whose unexpected experiences challenge their perceptions of sexuality, gender and identity.",,2024-03-01,118,0,83325,5.9291,6.6,28,False,False,Released,/hJATFCmmMIdYUZiLyxAFdkNOAwj.jpg,/mRP3qmD2JffBQqYRKOkbTZEI8VY.jpg,https://nordiskfilmogtvfond.com/news/trailer/sex,DRAMA,18,Motlys|Viaplay Group|Oslo Filmfond|ArtHaus|Nordisk Film & TV Fond|Norsk Filminstitutt,Norway|Sweden,Norsk,,,
933260,tt17526714,The Substance,The Substance,"A fading celebrity decides to use a black market drug, a cell-replicating substance that temporarily creates a younger, better version of herself.",Have you ever dreamt of a better version of yourself?,2024-09-07,141,17500000,76506196,37.0103,7.142,4782,False,False,Released,/cGm2qnmXx9tFabmzEIkJZjCJdQd.jpg,/wMEhptvj6pcp2QSzHYcl4DFA5Pz.jpg,https://mubi.com/en/thesubstance,DRAMA|HORROR|SCIENCE_FICTION,18|27|878,Working Title Films|Blacksmith|Working Title Films,France|United Kingdom|United States of America,English,,,
1087891,tt0899043,The Amateur,The Amateur,"After his life is turned upside down when his wife is killed in a London terrorist attack, a brilliant but introverted CIA decoder takes matters into his own hands when his supervisors refuse to take action.",Don't underestimate him.,2025-04-09,123,60000000,95956038,177.9282,6.988,675,False,False,Released,/SNEoUInCa5fAgwuEBMIMBGvkkh.jpg,/6e8Ldi2Wo5W5iF8PEhb1K3dC8TK.jpg,https://www.20thcenturystudios.com/movies/the-amateur,THRILLER|ACTION,53|28,20th Century Studios|Hutch Parker Entertainment|Joel B. Michaels Productions,United States of America,English|Français|Deutsch|Pусский|Español|Türkçe,,,
1010581,tt21909764,My Fault,Culpa mía,"Noah must leave her city, boyfriend, and friends to move into William Leister's mansion, the flashy and wealthy husband of her mother Rafaela. As a proud and independent 17 year old, Noah resists living in a mansion surrounded by luxury. However, it is there where she meets Nick, her new stepbrother, and the clash of their strong personalities becomes evident from the very beginning.",Love can only survive in the shadow of secrets.,2023-06-08,117,0,0,58.2886,7.796,3728,False,False,Released,/w46Vw536HwNnEzOa7J24YH9DPRS.jpg,/oz4U9eA6ilYf1tyiVuGmkftdLac.jpg,https://www.amazon.com/gp/video/detail/B0B683GY1G,ROMANCE|DRAMA,10749|18,Pokeepsie Films|Amazon Studios,Spain,Español,,,
1240475,tt31704401,Hunt the Wicked,缉恶,"The film tells the story of narcotics police officer Huang Mingjin and the ""mysterious figure"" Wei Yunzhou. Through completely different means and methods, in the process of calculating and wrestling with each other, they tear apart the facade of urban tranquility, exposing the underground drug network woven by the hidden hand ""Long Wang"", and ultimately eradicate the darkness with the sword of justice, revealing the dawn of light.",,2024-07-18,103,2107575,0,110.983,7.2,6,False,False,Released,/m5UBHbEjQJx3AkRZWRY6A4l4ZDT.jpg,/eRNMOrA6Bigonug3dT1R7aLZQaq.jpg,,ACTION,28,Tencent Video|iQIYI,China,普通话,,,
812455,,Victoria,Victoria,"Victoria is a woman betrayed, now on a mission for revenge and destroying anything that gets in her way.",,2021-01-16,20,0,0,54.699,8.5,2,False,False,Released,/aOSTW7ZitFAff06mZVXUnktejHY.jpg,,,ACTION,28,JCB Productions|L7 Pictures,United States of America,English,,,
424,tt0108052,Schindler's List,Schindler's List,The true story of how businessman Oskar Schindler saved over a thousand Jewish lives from the Nazis while they worked as slaves in his factory during World War II.,"Whoever saves one life, saves the world entire.",1993-12-15,195,22000000,321365567,13.1125,8.564,16506,False,False,Released,/sF1U4EUQS8YHUYjNl3pMGNIQyr0.jpg,/zb6fM1CX41D9rF9hdgclu0peUmy.jpg,http://www.schindlerslist.com/,DRAMA|HISTORY|WAR,18|36|10752,Amblin Entertainment,United States of America,Deutsch|Polski|עִבְרִית|English,,,
423,tt0253474,The Pianist,The Pianist,"The true story of pianist Władysław Szpilman's experiences in Warsaw during the Nazi occupation. When the Jews of the city find themselves forced into a ghetto, Szpilman finds work playing in a café; and when his family is deported in 1942, he stays behind, works for a while as a laborer, and eventually goes into hiding in the ruins of the war-torn city.",Music was his passion. Survival was his masterpiece.,2002-09-17,150,35000000,120098945,9.2005,8.379,9570,False,False,Released,/2hFvxCCWrTmCYwfy7yum0GKRi3Y.jpg,/1XqIhsqnAozznGhxlGdI0GPcCro.jpg,http://www.thepianistmovie.com/,DRAMA|WAR,18|10752,Bac Films|Heritage Films|Studio Babelsberg|R.P. Productions|StudioCanal|Canal+|Runteam,France|Germany|Poland|United Kingdom,English|Deutsch|Polski|Pусский,,,
429,tt0060196,"The Good, the Bad and the Ugly","Il buono, il brutto, il cattivo","While the Civil War rages on between the Union and the Confederacy, three men – a quiet loner, a ruthless hitman, and a Mexican bandit – comb the American Southwest in search of a strongbox containing $200,000 in stolen gold.",For three men the Civil War wasn't hell. It was practice.,1966-12-22,161,1200000,38900000,24.9491,8.463,9050,False,False,Released,/bX2xnavhMYjWDoZp1VM6VnU1xwe.jpg,/x4biAVdPVCghBlsVIzB6NmbghIz.jpg,"http://www.mgm.com/#/our-titles/766/The-Good,-the-Bad-and-the-Ugly",WESTERN,37,United Artists|PEA|Arturo González PC|Constantin Film,United States of America|Italy|Spain|Germany,Italiano,,,
611251,tt6362272,Jokōsei torio: seikan shiken,女高生トリオ 性感試験,"Three high school girls. One is experienced, one has fantasies and one is curious. What more will they learn before graduation?",,1977-02-23,73,0,0,82.9248,0.0,0,False,False,Released,/9GSLrU0aoR6Pi2FQ0ttXV2thSxJ.jpg,/eYKsMetCKnQC2tRPQ6YvODTkFdO.jpg,https://www.nikkatsu.com/movie/25501.html,ROMANCE|DRAMA,10749|18,Nikkatsu Corporation,Japan,日本語,,,
15804,tt0101985,A Brighter Summer Day,牯嶺街少年殺人事件,"A boy experiences first love, friendships and injustices growing up in 1960s Taiwan.",,1991-07-27,237,0,0,3.2262,8.315,340,False,False,Released,/rDZ2mNQkZrnSzHPLQ7SzhzgCSoj.jpg,/2LMgkmtnmhjUHvFXNDruHzrUFKK.jpg,,CRIME|DRAMA|ROMANCE,80|18|10749,Yang & His Gang Filmmakers|Brighter Summer Productions,Taiwan,普通话|English,,,
324544,tt4419684,In the Lost Lands,In the Lost Lands,"A queen sends the powerful and feared sorceress Gray Alys to the ghostly wilderness of the Lost Lands in search of a magical power, where she and her guide, the drifter Boyce, must outwit and outfight both man and demon.",She seeks the power to free her people.,2025-02-27,102,55000000,4755330,50.5854,6.528,510,False,False,Released,/dDlfjR7gllmr8HTeN6rfrYhTdwX.jpg,/op3qmNhvwEvyT7UFyPbIfQmKriB.jpg,https://inthelostlands.com,ACTION|FANTASY|ADVENTURE,28|14|12,Constantin Film|Spark Productions,Germany|Switzerland,Deutsch|English|,,,
986056,tt20969586,Thunderbolts*,Thunderbolts*,"After finding themselves ensnared in a death trap, seven disillusioned castoffs must embark on a dangerous mission that will force them to confront the darkest corners of their pasts.",Everyone deserves a second shot.,2025-04-30,127,180000000,380591509,73.4223,7.4,1160,False,False,Released,/hBH50Mkcrc4m8x73CovLmY7vBx1.jpg,/rthMuZfFv4fqEU4JVbgSW9wQ8rs.jpg,https://www.marvel.com/movies/thunderbolts,ACTION|SCIENCE_FICTION|ADVENTURE,28|878|12,Marvel Studios|Kevin Feige Productions,United States of America,English|Italiano|Pусский,,,
19404,tt0112870,Dilwale Dulhania Le Jayenge,दिलवाले दुल्हनिया ले जायेंगे,"Raj is a rich, carefree, happy-go-lucky second generation NRI. Simran is the daughter of Chaudhary Baldev Singh, who in spite of being an NRI is very strict about adherence to Indian values. Simran has left for India to be married to her childhood fiancé. Raj leaves for India with a mission at his hands, to claim his lady love under the noses of her whole family. Thus begins a saga.","Come… Fall In love, All Over Again…",1995-10-20,190,13200000,100000000,7.961,8.518,4493,False,False,Released,/2CAL2433ZeIihfX1Hb2139CX0pW.jpg,/90ez6ArvpO8bvpyIngBuwXOqJm5.jpg,,COMEDY|DRAMA|ROMANCE,35|18|10749,Yash Raj Films,India,हिन्दी,,,
10191,tt0892769,How to Train Your Dragon,How to Train Your Dragon,"As the son of a Viking leader on the cusp of manhood, shy Hiccup Horrendous Haddock III faces a rite of passage: he must kill a dragon to prove his warrior mettle. But after downing a feared dragon, he realizes that he no longer wants to destroy it, and instead befriends the beast – which he names Toothless – much to the chagrin of his warrior father.",One adventure will change two worlds.,2010-03-18,98,165000000,495141736,68.5177,7.847,13538,False,False,Released,/ygGmAO60t8GyqUo9xYeYxSZAR3b.jpg,/59vDC1BuEQvti24OMr0ZvtAK6R1.jpg,http://www.howtotrainyourdragon.com/,FANTASY|ADVENTURE|ANIMATION|FAMILY,14|12|16|10751,DreamWorks Animation,United States of America,English,,,
11216,tt0095765,Cinema Paradiso,Nuovo Cinema Paradiso,"A filmmaker recalls his childhood, when he fell in love with the movies at his village's theater and formed a deep friendship with the theater's projectionist.",An enchanted village. A wonderful friendship. Star-crossed lovers. And the magic of the movies.,1988-11-17,124,5000000,11990401,4.7227,8.437,4546,False,False,Released,/gCI2AeMV4IHSewhJkzsur5MEp6R.jpg,/k3SBILYxHRgjORb5tbvA5dm2N4h.jpg,,DRAMA|ROMANCE,18|10749,RAI|Tre Forum|Les Films Ariane|TF1 Films Production,France|Italy,Italiano,,,
803796,tt14205554,KPop Demon Hunters,KPop Demon Hunters,"When K-pop superstars Rumi, Mira and Zoey aren't selling out stadiums, they're using their secret powers to protect their fans from supernatural threats.",They sing. They dance. They battle demons.,2025-06-20,96,0,0,298.5944,8.625,291,False,False,Released,/jfS5KEfiwsS35ieZvdUdJKkwLlZ.jpg,/l3ycQYwWmbz7p8otwbomFDXIEhn.jpg,https://www.netflix.com/title/81498621,ANIMATION|FANTASY|ACTION|COMEDY|MUSIC,16|14|28|35|10402,Sony Pictures Animation,United States of America,English|한국어/조선말,,,
1090007,tt26434746,First Shift,First Shift,"NYPD veteran Mike and rookie Angela tackle a high-stakes day on New York's toughest streets, diving headfirst into a vortex of danger and action. Their adrenaline-fueled pursuits and unexpected threats unfold as they navigate perilous encounters. Amidst the chaos, intense challenges forge unbreakable bonds.","Day one, duty calls",2024-08-30,89,0,0,365.1825,5.391,23,False,False,Released,/ajsGI4JYaciPIe3gPgiJ3Vw5Vre.jpg,/xRr7mnOJ39bZtCRmVefrm3sBxX4.jpg,https://www.firstshiftmovie.com/,CRIME|THRILLER|ACTION,80|53|28,Event Filmproduktion,United States of America,English,,,
1442776,tt32169142,Crazy Lizard,Kuang Bao Ju Xi,"A young man climbs into the mountains to pick up a meteorite that has fallen there and is killed by something. The ""thing"" descends to the village and begins to eat the inhabitants one by one, terrorizing the entire island.",,2024-03-27,75,0,0,252.3586,6.053,19,False,False,Released,/9TFaFsSXedaALXTzba349euDeoY.jpg,/zxjFabSJKMAvuu3acNg78nuTuCs.jpg,,ACTION|THRILLER|HORROR,28|53|27,,,,,,
757725,tt11092020,Shadow Force,Shadow Force,"Kyrah and Isaac were once the leaders of a multinational special forces group called Shadow Force. They broke the rules by falling in love, and in order to protect their son, they go underground. With a large bounty on their heads, and the vengeful Shadow Force hot on their trail, one family's fight becomes all-out war.",Family over everything.,2025-05-01,103,60000000,4307562,66.1867,6.266,96,False,False,Released,/7IEW24vBiZerZrDlgLVSUU3oT1C.jpg,/v67tbCB03CMcJRWit8CS7JdJp6.jpg,https://www.shadowforce.movie,ACTION|DRAMA|THRILLER,28|18|53,Lionsgate|Made With Love Media|Media Capital Technologies|Indian Meadows Productions|Simpson Street,United States of America,Deutsch|English|Français,,,
1449951,tt35983585,Snow White,Snow White,"When the Queen’s jealousy turns deadly, Snow White must join forces with gnomes to fight back against her stepmother’s wrath.",Only one can be the fairest.,2025-03-07,93,0,0,57.4023,6.909,11,False,False,Released,/ilFLHU1OxUS1YDvUMCr8K3hW28r.jpg,/9ayjPfWtDyooj4ErcgZcoC22dVJ.jpg,,ANIMATION|FAMILY|FANTASY,16|10751|14,The Asylum,,English,,,
1071585,tt26342662,M3GAN 2.0,M3GAN 2.0,"After the underlying tech for M3GAN is stolen and misused by a powerful defense contractor to create a military-grade weapon known as Amelia, M3GAN's creator Gemma realizes that the only option is to resurrect M3GAN and give her a few upgrades, making her faster, stronger, and more lethal.",Miss me?,2025-06-25,120,15000000,17158000,103.068,7.046,65,False,False,Released,/lHChxm7sv3gWR2qz5PwjdxcXQf7.jpg,/kyBOGOBUMdGWOhzECuosPSzoMpi.jpg,https://www.m3ganmovie.com,ACTION|SCIENCE_FICTION|THRILLER,28|878|53,Blumhouse Productions|Atomic Monster|Divide / Conquer,United States of America,English,,,
793058,tt14044924,Hi-Five,하이파이브,"In the dead of night, a body donated for organ transplants mysteriously disintegrates into ashes. Soon after, five recipients, given a heart, corneas, lungs, liver, and kidneys, begin to develop supernatural powers. A teenage girl gains immense strength, a hipster manipulates electromagnetic waves, a novelist summons powerful gusts, a factory manager can heal others, and a woman discovers a strange, still-unidentified ability. Together, they form a reluctant but heroic team known as ""HI-FIVE."" But they aren’t the only ones transformed. A cult leader who received the donor's pancreas gains the terrifying power to drain life energy and sets his sights on stealing the abilities of HI-FIVE to achieve godlike domination.",Superpowers transplanted.,2025-05-30,120,14450000,10551515,8.2638,7.7,3,False,False,Released,/5hi6bQWfbXfJ1W0iCrM78RWbrwi.jpg,/oBV1aajDou6hvPD55vQHrBSlDgb.jpg,https://wellgousa.com/films/hi-five,SCIENCE_FICTION|ACTION|COMEDY|FANTASY,878|28|35|14,Annapurna Films|Next Entertainment World,South Korea,한국어/조선말,,,
1278950,tt32194932,The Ritual,The Ritual,"Two priests, one in crisis with his faith and the other confronting a turbulent past, must overcome their differences to perform a risky exorcism.",You must have faith.,2025-05-27,98,98,1528998,27.853,6.0,42,False,False,Released,/tlBHI5cPeERRGM1h273b0BN3WDU.jpg,/11vyKM09CHxWDjivjl4tldTllzG.jpg,https://www.theritualmovie.com/,HORROR,27,Cinemachineshop|Redbird Entertainment|Andrew Stevens Entertainment|MetaFilms|Baweja Studios|BondIt Media Capital|Isro Productions|IFeelYouFilms|LB Entertainment|Jeff Rice Films|Eyevox,United States of America,English,,,
541671,tt7181546,Ballerina,Ballerina,"Taking place during the events of John Wick: Chapter 3 – Parabellum, Eve Macarro begins her training in the assassin traditions of the Ruska Roma.",Vengeance has a new face.,2025-06-04,125,90000000,100818000,91.5956,7.1,398,False,False,Released,/mKp4euM5Cv3m2U1Vmby3OGwcD5y.jpg,/sItIskd5xpiE64bBWYwZintkGf3.jpg,https://johnwick.movie/film/ballerina,ACTION|THRILLER|CRIME,28|53|80,Thunder Road|87Eleven|Lionsgate,United States of America,English,,,
1180648,tt11344264,Mudbrick,Kuća od blata,"After inheriting an old mudbrick house in his home village in Eastern Europe, a man returns after spending his whole life in England, only to find out that inhabitants are hiding a dark secret about the pagan Slavic cult and his own past.",,2024-10-10,83,0,0,64.2399,5.8,10,False,False,Released,/paVJNyxq5odaAHC9YlmNUlceQpu.jpg,/1X25DjYM0COPuGYcH17qJIt1OFQ.jpg,,HORROR|DRAMA,27|18,Mir Media Group|Liaison Pictures,Serbia|United States of America,Srpski,,,
1257960,tt31712434,Sikandar,सिकंदर,A tragic accident pushes the powerful Sikandar to protect the less fortunate by standing up to corruption and greed — using any means necessary.,,2025-03-29,133,23500000,24727058,43.8575,4.818,55,False,False,Released,/41s42CRXafa3OuRGvCtfYPEBmse.jpg,/4MNRH73XmwBK2ycv3qvLpa07O5F.jpg,,ACTION|DRAMA,28|18,Nadiadwala Grandson Entertainment|Salman Khan Films|Pen Studios,India,हिन्दी,,,
968171,tt0287671,Sex Education Mistresses,性教育ママ,"An erotic comedy depicting the sex adventures of  young wives living in an apartment complex, that are not satisfied with just having sex with their husbands.",,1973-11-20,78,0,0,107.6376,6.583,6,False,False,Released,/xghWMg0pkBOdLHCTESyeyHU68wl.jpg,,https://www.nikkatsu.com/movie/25254.html,COMEDY,35,Nikkatsu Corporation,Japan,日本語,,,
1026542,tt18376800,Baby Blue,Baby Blue,"A group of teens stumble across the story of now dead serial killer Baby Blue and decide he'd be the perfect subject of a true crime vodcast. But when they start digging, they quickly discover that his murder spree never stopped. Now they are being targeted from beyond the grave.",,2023-04-16,90,0,0,67.4632,5.0,10,False,False,Released,/pC6j3tSoneNbe4pjjtGOcWWxGMU.jpg,/rXHw864JjVLaPis7e7YW6LHfpag.jpg,,HORROR|COMEDY,27|35,XYZ Films,United States of America,English,,,
1156593,tt28510079,Your Fault,Culpa tuya,The love between Noah and Nick seems unwavering despite their parents' attempts to separate them. But his job and her entry into college open up their lives to new relationships that will shake the foundations of both their relationship and the Leister family itself.,Divided by family. Driven by love.,2024-12-26,118,0,0,41.4664,7.133,1284,False,False,Released,/1sQA7lfcF9yUyoLYC0e6Zo3jmxE.jpg,/k24eZq5I3jyz4htPkZCRpnUmBzE.jpg,https://www.amazon.com/dp/B0DJ1L7ZN3,ROMANCE|DRAMA,10749|18,Pokeepsie Films|Metro-Goldwyn-Mayer,Spain|United States of America,Español,,,
497,tt0120689,The Green Mile,The Green Mile,"A supernatural tale set on death row in a Southern prison, where gentle giant John Coffey possesses the mysterious power to heal people's ailments. When the cell block's head guard, Paul Edgecomb, recognizes Coffey's miraculous gift, he tries desperately to help stave off the condemned man's execution.",Paul Edgecomb didn't believe in miracles. Until the day he met one.,1999-12-10,189,60000000,286801374,16.094,8.505,18171,False,False,Released,/8VG8fDNiy50H4FedGwdSVUPoaJe.jpg,/amZavErrjrdgDwhsIdpWxHNenIx.jpg,http://thegreenmile.warnerbros.com/,FANTASY|DRAMA|CRIME,14|18|80,Castle Rock Entertainment|Darkwoods Productions,United States of America,Français|English,,,
1477114,tt36920637,Sorority,Sorority,"A tale of seduction and mystery. A fearless pre-law student joins an elite sorority led by a powerful heiress. As secrets unfold, she’s torn between the woman who awakened her desire and a truth that could destroy them both.",,2025-06-20,0,0,0,38.8519,6.5,2,False,False,Released,/zibf9SwgiEW7Od5kwdRLSoQygRd.jpg,/lCpUhIMeklfEvC6BlaxGmSwKXN0.jpg,,DRAMA|ROMANCE,18|10749,Vivamax,Philippines,,,,
980477,tt34956443,Ne Zha 2,哪吒之魔童闹海,"Following the Tribulation, although the souls of Ne Zha and Ao Bing were preserved, their physical bodies will soon be destroyed. Tai Yi Zhen Ren plans to use the Seven Colored Lotus to reshape their physical forms, but encounters numerous difficulties. What will become of Ne Zha and Ao Bing?",,2025-01-29,144,80000000,2208800000,39.5519,8.1,181,False,False,Released,/293Mo4GWf7Tl0TfAr5NFghqeMy7.jpg,/8btfz81bOJ2lC7cujYBTw03wzg3.jpg,,ANIMATION|FANTASY|ADVENTURE|ACTION,16|14|12|28,Chengdu Coco Cartoon|Beijing Enlight Pictures|Chengdu Enlight Animation|Coloroom Pictures,China,普通话,,,
510,tt0073486,One Flew Over the Cuckoo's Nest,One Flew Over the Cuckoo's Nest,"A petty criminal fakes insanity to serve his sentence in a mental ward rather than prison. He soon finds himself as a leader to the other patients—and an enemy to the cruel, domineering nurse who runs the ward.","If he's crazy, what does that make you?",1975-11-19,133,3000000,108981275,9.1753,8.414,10820,False,False,Released,/kjWsMh72V6d8KRLV4EOoSJLT1H7.jpg,/uA8eSNAUUUyfHNIrG4h0zHxzt9W.jpg,,DRAMA,18,Fantasy Films|United Artists,United States of America,English,,,
402431,tt1262426,Wicked,Wicked,"In the land of Oz, ostracized and misunderstood green-skinned Elphaba is forced to share a room with the popular aristocrat Glinda at Shiz University, and the two's unlikely friendship is tested as they begin to fulfill their respective destinies as Glinda the Good and the Wicked Witch of the West.",Everyone deserves the chance to fly.,2024-11-20,162,150000000,756085570,30.0495,6.941,2212,False,False,Released,/xDGbZ0JJ3mYaGKy4Nzd9Kph6M9L.jpg,/uKb22E0nlzr914bA9KyA5CVCOlV.jpg,https://www.wickedmovie.com,DRAMA|ROMANCE|FANTASY,18|10749|14,Universal Pictures|Marc Platt Productions,United States of America,English,,,
